lng,lat,common,datevisit,volunteer,watered,staked,braced,weeded,mulched,pruned,comment
-122.272847,37.833090,Acer rubrum ?October Glory? Red maple October glory.,2016-11-29 0:00:00,,,,,,,,"Plant in front yard, left of walkway, 10 feet behind sidewalk. Four feet back from top of embankment. - per ARB notes 11/29/2016"
-122.278069,37.841830,Acer buergerianum,2016-12-12 0:00:00,,,,,,,,emailed care sheet -hhc 12/12/2016
-122.278004,37.841843,Acer buergerianum,2016-12-12 0:00:00,,,,,,,,emailed care sheet -hhc 12/12/2016
-122.285235,37.842276,Lagerstroemia x 'Muskogee',2017-03-27 0:00:00,,,,,,,,
-122.274295,37.840513,Acer rubrum 'October Glory',2017-04-20 0:00:00,DKS,,,,,,,"HHC 12/1/16: Emailed to explain out of grant area.  DKS 4/20/17: Stopped by, marked for USA. Wires overhead are not HV. Sidewalk 6'-6"" wide, could cut to make tree-well 3'-3"" and sidewalk 3'-3"" (with permission from City).  DKS 4/21/17: Emailed to explai"
-122.274749,37.823096,Tilia tomentosa 'Sterling',2017-05-20 0:00:00,DKS,,,,,,,fill missing space.  DKS July 2017: Changed contact from Ali Goldstein (teacher) to Ashley Martin (principal) and Wanda Stewart (new garden teacher).
-122.274586,37.823058,Tilia tomentosa 'Sterling',2017-05-20 0:00:00,DKS,,,,,,,fill missing space.  DKS July 2017: Changed contact from Ali Goldstein (teacher) to Ashley Martin (principal) and Wanda Stewart (new garden teacher).
-122.273016,37.823160,Acer macrophyllum,2017-05-20 0:00:00,DKS,,,,,,,replacement.  DKS July 2017: Changed contact from Ali Goldstein (teacher) to Ashley Martin (principal) and Wanda Stewart (new garden teacher).
-122.272984,37.823069,Sequoia sempervirens 'Aptos Blue',2017-06-20 0:00:00,DKS,,,,,,,replacement.  DKS July 2017: Changed contact from Ali Goldstein (teacher) to Ashley Martin (principal) and Wanda Stewart (new garden teacher).
-122.272969,37.823098,Sequoia sempervirens 'Aptos Blue',2017-06-20 0:00:00,DKS,,,,,,,replacement.  DKS July 2017: Changed contact from Ali Goldstein (teacher) to Ashley Martin (principal) and Wanda Stewart (new garden teacher).
-122.238441,37.791523,tupelo,2018-07-24 11:00:00,DF,yes,yes,yes,no,yes,no,
-122.238364,37.791479,Australian willow,2018-07-24 11:00:00,DF,yes,yes,yes,no,yes,no,madrone needs stake moved to straighten leaning tree. df
-122.238269,37.791422,hybrid madrone,2018-07-24 11:00:00,DF,yes,yes,yes,no,yes,no,
-122.238213,37.791390,New Zealand Christmas tree,2018-07-24 11:00:00,DF,yes,yes,yes,no,yes,no,
-122.235291,37.792337,purple-flowering locust,2018-07-25 11:00:00,DF,yes,yes,yes,no,yes,yes,Lawn
-122.235250,37.792379,purple-flowering locust,2018-07-25 11:00:00,DF,yes,yes,yes,no,yes,yes,"replaced bryesen hose, lawn"
-122.235248,37.792236,Afterburner Tupelo,2018-07-25 11:00:00,DF,yes,yes,yes,no,yes,no,
-122.235193,37.792200,Afterburner Tupelo,2018-07-25 11:00:00,DF,yes,yes,yes,no,yes,no,
-122.226154,37.791524,incense cedar,2018-08-08 11:00:00,DF,,,,,,,
-122.226097,37.791524,incense cedar,2018-08-08 11:00:00,DF,,,,,,,
-122.226091,37.791494,incense cedar,2018-08-08 11:00:00,DF,,,,,,,
-122.226047,37.791553,incense cedar,2018-08-08 11:00:00,DF,,,,,,,
-122.226031,37.791534,incense cedar,2018-08-08 11:00:00,DF,,,,,,,
-122.226013,37.791560,incense cedar,2018-08-08 11:00:00,DF,,,,,,,
-122.224905,37.791066,island oak,2018-08-08 11:00:00,DF,No,no,no,no,yes,no,Needs water
-122.224871,37.791128,island oak,2018-08-08 11:00:00,DF,,,,,,,
-122.224846,37.791182,island oak,2018-08-08 11:00:00,DF,,,,,,,
-122.218023,37.796332,chitalpa,2018-08-08 11:00:00,DF,yes,no,no,no,yes,no,
-122.217888,37.796356,Catalina ironwood,2018-08-08 11:00:00,DF,yes,no,no,no,yes,no,
-122.217862,37.796414,Catalina ironwood,2018-08-08 11:00:00,DF,yes,no,no,no,yes,no,
-122.217818,37.796524,Catalina ironwood,2018-08-08 11:00:00,DF,yes,no,no,no,yes,no,
-122.213629,37.792174,October Glory red maple,2018-08-20 11:00:00,DF,No,no,no,no,yes,no,
-122.194428,37.775334,mimosa,2018-08-20 11:00:00,DF,yes,na,na,no,yes,no,
-122.183980,37.767418,Hachiya persimmon,2018-08-20 11:00:00,DF,No,yes,yes,no,yes,no,Needs water
-122.260155,37.814138,tupelo,2018-08-28 11:00:00,DKS,Yes,Yes,Yes,Yes,,yes,new owner 2018
-122.260155,37.814138,tupelo,2018-09-16 11:00:00,DKS,Yes,Yes,Yes,yes,yes,yes,new owner 2018
-122.184806,37.770123,Box Elder,2018-09-16 11:00:00,DKS,Yes,Yes,no,yes,yes,,bamboo stakes
-122.184708,37.770108,Box Elder,2018-09-16 11:00:00,DKS,Yes,Yes,no,yes,yes,,"trunk guard present 9/16/18; Doug Brooms noted trunk dmg Aug ’18, bamboo stakes"
-122.248362,37.839084,Robinia x 'Purple Robe',12/31/2018 12:00:00 AM,,,,,,,,"DKS June 2017: Lisa says overlong branches have bryesen off under their own weight, so she wants to get the damaged southern tree replaced.  DKS splinted the topmost branch of southern tree 7/01/17; tree is sending out new leaves along trunk. Wait and see"
-122.248323,37.839148,Robinia x 'Purple Robe',12/31/2018 12:00:00 AM,,,,,,,,see #1
-122.247871,37.802086,Cercis canadensis - Eastern Redbud,12/31/2018 12:00:00 AM,,,,,,,,"Google Earth shows pictures, Susan advised tree died so no more tree there, will loyes for small tree instead because of high-voltage wires; advised will spray USA tomorrow-hhc 11/27/2016; spyese with Arthur - he has sprayed but yet to submit an USA ticket"
-122.247718,37.847143,Parrotia persica 'Vanessa',12/31/2018 12:00:00 AM,,,,,,,,see #1
-122.247682,37.847091,Parrotia persica 'Vanessa',12/31/2018 12:00:00 AM,,,,,,,,"DKS: emailed 5/25/16, won't plant in '15-'16 season. She says she'll plant her own 5/31/16.  Emailed DKS again 1/2017 and now wants trees.  Marked for USA, but location of irrigation pipe in strip might interfere with digging. DKS asks Sarah about irriga"
-122.247616,37.847158,Parrotia persica 'Vanessa',12/31/2018 12:00:00 AM,,,,,,,,see #1
-122.247561,37.847100,Parrotia persica 'Vanessa',12/31/2018 12:00:00 AM,,,,,,,,"TRF arrived via email 11/7/16 -dks; ARB says RTP 12/19/16; hhc 1/5/2017 assessment FFS; existing planting strip is 2'6"" wide - long strip did not see USA; submitted a ticket; see where ARB marked tree to go - eastern redbud matches strip width - will sim"
-122.247534,37.811901,Platanus x hispanica ?Columbia? London Plane,12/31/2018 12:00:00 AM,,,,,,,,emailed Eric and Russ to ask for TRF-hhc 2/2/2017; rec'd addendum; asked for actual TRF -hhc 2/16/2017; asked for tree species and advised may not get to other trees for a while; asked who is contact person for corre with BBCRS? -hhc 3/2/2017; emailed AR
-122.247036,37.791412,Prunus x blireiana,12/31/2018 12:00:00 AM,,,,,,,,also got 1 CF tree on E 15th St - see TFO tab
-122.246912,37.791502,Prunus x blireiana,12/31/2018 12:00:00 AM,,,,,,,,also got 1 CF tree on E 15th St - see TFO tab
-122.246876,37.850003,Prunus cerasifera 'KV',12/31/2018 12:00:00 AM,,,,,,,,"DKS: emailed 5/25/16, won't plant in '15-'16 season; THEY TOLD ME IT WAS Yes; I WILL CHECK TODAY TO SEE IF SOIL HAS BEEN RESTORED. Per ARB 12/5/2016; emailed care sheet -12/12/2016"
-122.246874,37.791530,Prunus x blireiana,12/31/2018 12:00:00 AM,,,,,,,,also got 1 CF tree on E 15th St - see TFO tab
-122.246802,37.850038,Prunus cerasifera 'KV',12/31/2018 12:00:00 AM,,,,,,,,"DKS: emailed 5/25/16, won't plant in '15-'16 season; THEY TOLD ME IT WAS Yes; I WILL CHECK TODAY TO SEE IF SOIL HAS BEEN RESTORED. Per ARB 12/5/2016; emailed care sheet -12/12/2016"
-122.243970,37.804470,Trident Maple - if yes in S space,12/31/2018 12:00:00 AM,,,,,,,,"forwarded to Arthur and Derek -hhc 10/24/2016; strip is 27"" wide and has tall HV wires, needs notch -dks12/22/16; emailed to ask if want to choose diff species or unofficial tree -hhc 1/24/2017; will meet 2/7/2017 at 9 am -hhc 2/6/2017; unsure if want 2"
-122.243771,37.795610,Prunus x blireiana,12/31/2018 12:00:00 AM,,,,,,,,also got 2 CF trees in backyard - see TFO tab
-122.243046,37.794258,Chionanthus retusus (Chinese fringe tree),12/31/2018 12:00:00 AM,,,,,,,,emailed re: high volt wires -hhc 11/21/2016; want Large tree for yard and pay for small tree in front; advised add'l $150+ for concrete and listed next steps -hc 11/29/2016; emailed to meet -hhc 1/4/2017; will meet 1/11 @ 11am -hhc 1/9/2017; marked concr
-122.242035,37.801917,Ginkgo biloba 'Fairmont',12/31/2018 12:00:00 AM,,,,,,,,"unofficial tree: planting strip is less than 36"" wide (verified by DKS on 2/7/2018)"
-122.241999,37.801941,Ginkgo biloba 'Fairmont',12/31/2018 12:00:00 AM,,,,,,,,"unofficial tree: planting strip is less than 36"" wide (verified by DKS on 2/7/2018)"
-122.241958,37.801967,Ginkgo biloba 'Fairmont',12/31/2018 12:00:00 AM,,,,,,,,"unofficial tree: planting strip is less than 36"" wide (verified by DKS on 2/7/2018)"
-122.241858,37.802027,Ginkgo biloba 'Fairmont',12/31/2018 12:00:00 AM,,,,,,,,"unofficial tree: planting strip is less than 36"" wide (verified by DKS on 2/7/2018)"
-122.241832,37.801919,Ginkgo biloba 'Fairmont',12/31/2018 12:00:00 AM,,,,,,,,"unofficial tree: planting strip is less than 36"" wide (verified by DKS on 2/7/2018).  2530 7th Ave does not exist; this is technically the back side of 2515 Ivy Drive."
-122.241819,37.802053,Ginkgo biloba 'Fairmont',12/31/2018 12:00:00 AM,,,,,,,,"unofficial tree: planting strip is less than 36"" wide (verified by DKS on 2/7/2018)"
-122.241784,37.802082,Ginkgo biloba 'Fairmont',12/31/2018 12:00:00 AM,,,,,,,,"unofficial tree: planting strip is less than 36"" wide (verified by DKS on 2/7/2018)"
-122.241736,37.801974,Ginkgo biloba 'Fairmont',12/31/2018 12:00:00 AM,,,,,,,,"unofficial tree: planting strip is less than 36"" wide (verified by DKS on 2/7/2018).  2530 7th Ave does not exist; this is technically the back side of 2515 Ivy Drive."
-122.240792,37.791627,Prunus x blireiana,12/31/2018 12:00:00 AM,,,,,,,,also coordinated a CF tree for next-door neighbor at #1602 (see TFO tab)
-122.233148,37.840152,Prunus blireiana Double-Pink-Flowering Plum,12/31/2018 12:00:00 AM,,,,,,,,emailed next steps -hhc 1/18/2017; emailed to meet -hhc 2/22/2017; trying alternate dates -hhc 3/1/2017; emailed again to meet -hhc 3/13/2017; emailed again to meet -hhc 4/11/2017; emailed to advise can meet on a Tuesday; set to meet 4/18 @ 10AM -hhc 4/1
-122.231597,37.801539,Trident maple,12/31/2018 12:00:00 AM,,,,,,,,emailed high V -hhc 2/15/2017; emailed tree list for both street and private property and asked if I should proceed with st tree -hhc 2/16/2017; asked whether they want both st and yard tree?; yes to both - emailed next steps -hhc 2/20/2017; emailed to m
-122.230584,37.777570,Ceanothus 'Ray Hartman',12/31/2018 12:00:00 AM,,,,,,,,Ceanothus trees around parking lot are too small to qualify for CalFire
-122.230545,37.777611,Ceanothus 'Ray Hartman',12/31/2018 12:00:00 AM,,,,,,,,Ceanothus trees around parking lot are too small to qualify for CalFire
-122.230492,37.777581,Ceanothus 'Ray Hartman',12/31/2018 12:00:00 AM,,,,,,,,Ceanothus trees around parking lot are too small to qualify for CalFire
-122.230444,37.777552,Ceanothus 'Ray Hartman',12/31/2018 12:00:00 AM,,,,,,,,Ceanothus trees around parking lot are too small to qualify for CalFire
-122.230373,37.777511,Ceanothus 'Ray Hartman',12/31/2018 12:00:00 AM,,,,,,,,Ceanothus trees around parking lot are too small to qualify for CalFire
-122.230327,37.777483,Ceanothus 'Ray Hartman',12/31/2018 12:00:00 AM,,,,,,,,Ceanothus trees around parking lot are too small to qualify for CalFire
-122.230286,37.777457,Ceanothus 'Ray Hartman',12/31/2018 12:00:00 AM,,,,,,,,Ceanothus trees around parking lot are too small to qualify for CalFire
-122.230238,37.777429,Ceanothus 'Ray Hartman',12/31/2018 12:00:00 AM,,,,,,,,Ceanothus trees around parking lot are too small to qualify for CalFire
-122.230188,37.777400,Ceanothus 'Ray Hartman',12/31/2018 12:00:00 AM,,,,,,,,Ceanothus trees around parking lot are too small to qualify for CalFire
-122.228765,37.776415,Parrotia persica,12/31/2018 12:00:00 AM,,,,,,,,also got a shrub (see above) and 1 CF tree (see TFO tab).  These small trees were not eligible for CalFire.  2 tree-wells at driveway (for Prunus) were very hard/expensive to break out.
-122.228723,37.776390,Parrotia persica,12/31/2018 12:00:00 AM,,,,,,,,see #1
-122.228681,37.776362,Parrotia persica,12/31/2018 12:00:00 AM,,,,,,,,see #1
-122.228603,37.776306,Parrotia persica,12/31/2018 12:00:00 AM,,,,,,,,see #1
-122.228559,37.776278,Parrotia persica,12/31/2018 12:00:00 AM,,,,,,,,see #1
-122.228516,37.776247,Parrotia persica,12/31/2018 12:00:00 AM,,,,,,,,see #1
-122.228508,37.779852,Prunus x blireana,12/31/2018 12:00:00 AM,,,,,,,,open soil in planting strip 5.5' wide
-122.228467,37.779892,Prunus x blireana,12/31/2018 12:00:00 AM,,,,,,,,open soil in planting strip 5.5' wide
-122.228420,37.779940,Prunus x blireana,12/31/2018 12:00:00 AM,,,,,,,,open soil in planting strip 5.5' wide
-122.228417,37.776181,Rhus lancea,12/31/2018 12:00:00 AM,,,,,,,,see #1
-122.228358,37.779997,Prunus x blireana,12/31/2018 12:00:00 AM,,,,,,,,open soil in planting strip 5.5' wide
-122.228334,37.776122,Rhus lancea,12/31/2018 12:00:00 AM,,,,,,,,see #1
-122.228295,37.776095,Rhus lancea,12/31/2018 12:00:00 AM,,,,,,,,see #1
-122.228127,37.775982,Prunus x blireana,12/31/2018 12:00:00 AM,,,,,,,,see #1
-122.228023,37.775912,Prunus x blireana,12/31/2018 12:00:00 AM,,,,,,,,see #1
-122.227936,37.775851,Rhus lancea,12/31/2018 12:00:00 AM,,,,,,,,see #1
-122.227904,37.775827,Rhus lancea,12/31/2018 12:00:00 AM,,,,,,,,see #1
-122.227781,37.775742,Rhus lancea,12/31/2018 12:00:00 AM,,,,,,,,see #1; delayed this planting because of flooding on original date (verify -- may have been one to left or right)
-122.227740,37.775713,Rhus lancea,12/31/2018 12:00:00 AM,,,,,,,,see #1
-122.227700,37.775688,Rhus lancea,12/31/2018 12:00:00 AM,,,,,,,,see #1
-122.226361,37.802480,Acer buergerianum,12/31/2018 12:00:00 AM,,,,,,,,"ARB says RTP 12/19/16; This single family house has a lush planting strip of 31 inches wide and maybe 30 feet long. Then we see a sidewalk of six feet width. Will be unofficial bc close to utilities. Notch to make 3', plant now then pistache later when i"
-122.222636,37.803132,Acer buergerianum,12/31/2018 12:00:00 AM,,,,,,,,see #1
-122.222591,37.803123,Acer buergerianum,12/31/2018 12:00:00 AM,,,,,,,,see #1
-122.222520,37.803110,Acer buergerianum,12/31/2018 12:00:00 AM,,,,,,,,see #1
-122.222344,37.803282,Acer buergerianum,12/31/2018 12:00:00 AM,,,,,,,,"corner lot: 3 on E 38th, 1 on Woodruff"
-122.219549,37.806883,Prunus x blireana,12/31/2018 12:00:00 AM,,,,,,,,emailed to DJF -hhc 4/18/2017. sprayed for usa 4/18/2017
-122.219367,37.806960,Prunus x blireana,12/31/2018 12:00:00 AM,,,,,,,,DJF's neighbor
-122.218510,37.803758,Lagerstroemia x 'Natchez',12/31/2018 12:00:00 AM,,,,,,,,revisit in fall 2016 - tree for front yard
-122.218448,37.796411,Prunus cerasifera 'Krauter Vesuvius',12/31/2018 12:00:00 AM,,,,,,,,small tree not covered by CalFire
-122.217955,37.796287,Prunus cerasifera (sidewalk),12/31/2018 12:00:00 AM,,,,,,,,also planting in front & side yards using CalFire grant
-122.213894,37.805879,Lagerstroemia x 'Muskogee',12/31/2018 12:00:00 AM,,,,,,,,also asked for 2 Jacarandas for backyard
-122.213166,37.808992,Cercis canadensis,12/31/2018 12:00:00 AM,,,,,,,,see #1
-122.213156,37.800675,Cercis canadensis,12/31/2018 12:00:00 AM,,,,,,,,also got CalFire tree (Acer rubrum) - see TFO tab
-122.213111,37.808981,Cercis canadensis,12/31/2018 12:00:00 AM,,,,,,,,1 tree replaces existing Sapium sebiferum (removed by owner)
-122.212795,37.791965,Quercus shumardii,12/31/2018 12:00:00 AM,,,,,,,,see #1
-122.212746,37.792037,Quercus agrifolia,12/31/2018 12:00:00 AM,,,,,,,,see #1
-122.212722,37.791901,Lagerstroemia x 'Muskogee',12/31/2018 12:00:00 AM,,,,,,,,"corner lot; 1 S on Nicol, 2 L in open side yard (Pleitner Ave)"
-122.212182,37.801626,Acer buergerianum,12/31/2018 12:00:00 AM,,,,,,,,"corner lot; 1 on Lincoln, 1 on Damuth"
-122.212087,37.801619,Acer buergerianum,12/31/2018 12:00:00 AM,,,,,,,,"corner lot; 1 on Lincoln, 1 on Damuth"
-122.211776,37.810133,Tilia tomentosa 'Sterling',12/31/2018 12:00:00 AM,,,,,,,,owner does not want to pay (11/25/15). Neighbor Nikki paid instead.
-122.211598,37.799618,Prunus x blireana,12/31/2018 12:00:00 AM,,,,,,,,above 580
-122.211298,37.810342,Tilia tomentosa 'Sterling',12/31/2018 12:00:00 AM,,,,,,,,see #1
-122.211296,37.810230,Cercis canadensis,12/31/2018 12:00:00 AM,,,,,,,,see #1
-122.211256,37.810250,Cercis canadensis,12/31/2018 12:00:00 AM,,,,,,,,"owner paid $300 directly to Hilary, but removal cost $400 total. SCTT subsidizes $100."
-122.211235,37.810382,Tilia tomentosa 'Sterling',12/31/2018 12:00:00 AM,,,,,,,,see #1
-122.211194,37.800015,Fraxinus americana 'Autumn Purple',12/31/2018 12:00:00 AM,,,,,,,,above 580
-122.211172,37.810424,Tilia tomentosa 'Sterling',12/31/2018 12:00:00 AM,,,,,,,,see #1
-122.211136,37.810538,Tilia tomentosa 'Sterling',12/31/2018 12:00:00 AM,,,,,,,,Neighbor Steve Davenport paid $200 toward trees. Omer paid Hilary directly for the concrete cutting. One tree got hit by truck Oct 2016 - Chris B to help retrain?; replacement tree planted 3/4/2017 - emailed Omer for $100 to NACG (STILL NEEDS REPLACEMENT
-122.211120,37.810481,Tilia tomentosa 'Sterling',12/31/2018 12:00:00 AM,,,,,,,,see #1
-122.210499,37.791692,Acer buergerianum,12/31/2018 12:00:00 AM,,,,,,,,see #1
-122.210480,37.791719,Acer buergerianum,12/31/2018 12:00:00 AM,,,,,,,,see #1
-122.210478,37.791641,Koelreuteria bipinnata,12/31/2018 12:00:00 AM,,,,,,,,see #1
-122.210448,37.791755,Acer buergerianum,12/31/2018 12:00:00 AM,,,,,,,,"corner lot; 3 S on Maple, 4 M on Berlin"
-122.210430,37.791618,Koelreuteria bipinnata,12/31/2018 12:00:00 AM,,,,,,,,see #1
-122.210363,37.791588,Koelreuteria bipinnata,12/31/2018 12:00:00 AM,,,,,,,,see #1
-122.210317,37.791568,Koelreuteria bipinnata,12/31/2018 12:00:00 AM,,,,,,,,see #1; dead as of summer 2017
-122.210201,37.791426,Lagerstroemia x 'Tuscarora',12/31/2018 12:00:00 AM,,,,,,,,parks car over curb; be careful about collisions w tree
-122.207137,37.793123,Lagerstroemia x 'Tuscarora',12/31/2018 12:00:00 AM,,,,,,,,"corner lot; 1 on Laurel, 5 on Suter"
-122.207015,37.793160,Lagerstroemia x 'Tuscarora',12/31/2018 12:00:00 AM,,,,,,,,"corner lot; 1 on Laurel, 5 on Suter"
-122.206980,37.793131,Lagerstroemia x 'Natchez',12/31/2018 12:00:00 AM,,,,,,,,"corner lot; 1 on Laurel, 5 on Suter"
-122.206946,37.793102,Lagerstroemia x 'Tuscarora',12/31/2018 12:00:00 AM,,,,,,,,"corner lot; 1 on Laurel, 5 on Suter"
-122.206885,37.793052,Lagerstroemia x 'Natchez',12/31/2018 12:00:00 AM,,,,,,,,"corner lot; 1 on Laurel, 5 on Suter"
-122.206853,37.793027,Lagerstroemia x 'Tuscarora',12/31/2018 12:00:00 AM,,,,,,,,"corner lot; 1 on Laurel, 5 on Suter"
-122.204196,37.795390,Acer buergerianum,12/31/2018 12:00:00 AM,,,,,,,,see #1
-122.204159,37.795420,Acer buergerianum,12/31/2018 12:00:00 AM,,,,,,,,see #1
-122.204055,37.795500,Acer buergerianum,12/31/2018 12:00:00 AM,,,,,,,,see #1
-122.204040,37.799558,Cercis canadensis,12/31/2018 12:00:00 AM,,,,,,,,watch out for future split/rot at base of trunk
-122.204015,37.795530,Acer buergerianum,12/31/2018 12:00:00 AM,,,,,,,,see #1
-122.203902,37.795544,Acer rubrum,12/31/2018 12:00:00 AM,,,,,,,,"above 580; corner lot: 4 on Laurel, 2 on Georgia"
-122.203824,37.795481,Acer rubrum,12/31/2018 12:00:00 AM,,,,,,,,see #1
-122.203240,37.783913,Acer rubrum 'October Glory',12/31/2018 12:00:00 AM,,,,,,,,emailed care instructions and link to donation page - TRF specifically says only want tree if free so did not ask for specific amount -hhc 12/5/2016
-122.202923,37.783627,Quercus shumardii,12/31/2018 12:00:00 AM,,,,,,,,see #1
-122.202897,37.783768,Rhus lancea,12/31/2018 12:00:00 AM,,,,,,,,also paid $60 for Acer rubrum 'October Glory' for front yard
-122.202864,37.783310,Platanus x acerifolia 'Columbia',12/31/2018 12:00:00 AM,,,,,,,,email address failed 2/15/16
-122.202857,37.783570,Quercus shumardii,12/31/2018 12:00:00 AM,,,,,,,,see #1
-122.202811,37.783531,Quercus shumardii,12/31/2018 12:00:00 AM,,,,,,,,see #1
-122.202788,37.783349,Platanus x acerifolia 'Columbia',12/31/2018 12:00:00 AM,,,,,,,,"Spanish first lnguage for Ignacio Sr and wife; son Ignacio Jr made the request.  Corner lot: 2 on High, 4 on Allendale."
-122.202755,37.783481,Quercus shumardii,12/31/2018 12:00:00 AM,,,,,,,,see #1
-122.202724,37.783381,Podocarpus gracilior,12/31/2018 12:00:00 AM,,,,,,,,see #1
-122.202376,37.786586,Albizia julibrissin,12/31/2018 12:00:00 AM,,,,,,,,emailed care instructions and link to donation page - TRF specifically says only want tree if free so did not ask for specific amount -hhc 12/5/2016
-122.202006,37.796101,Acer rubrum 'October Glory',12/31/2018 12:00:00 AM,,,,,,,,above 580
-122.201826,37.774998,Lagerstroemia indica 'Natchez',12/31/2018 12:00:00 AM,,,,,,,,"emailed next steps -hhc 11/29/2016; emailed to discuss meeting -hhc 12/6/2016; walkway is too narrow - will pay for a small tree, marked bull's eye where tree will go; marked expansion for concrete -hhc 12/13/2016; gave list of small trees & private prop"
-122.201435,37.795630,Lagerstroemia 'Natchez',12/31/2018 12:00:00 AM,,,,,,,,"Arthur says RTP 12/19/2016; 3268 Florida St:site assessment -hhc 1/5/2017 FFS; existing planting strip is 2' 6"" wide - long strip did not see full USA spray - loyess like it was called only for a small section; will resubmit USA. Has old tree wants to r"
-122.201365,37.795576,Lagerstroemia 'Natchez',12/31/2018 12:00:00 AM,,,,,,,,"Arthur says RTP 12/19/2016; 3268 Florida St:site assessment -hhc 1/5/2017 FFS; existing planting strip is 2' 6"" wide - long strip did not see full USA spray - loyess like it was called only for a small section; will resubmit USA. Has old tree wants to r"
-122.200974,37.776109,Lagerstroemia x 'Tuscarora',12/31/2018 12:00:00 AM,,,,,,,,"qualified for CalFire if ""Medium"" tree, but wanted crape myrtle"
-122.200262,37.785832,Acer buergerianum,12/31/2018 12:00:00 AM,,,,,,,,referred by Bob Bodnar; transplanted ornamental grass (DKS 11/6/15)
-122.200230,37.785800,Acer buergerianum,12/31/2018 12:00:00 AM,,,,,,,,see #1
-122.198845,37.794159,Acer rubrum 'October Glory',12/31/2018 12:00:00 AM,,,,,,,,above 580; need stumps removed
-122.198787,37.794094,Acer rubrum 'October Glory',12/31/2018 12:00:00 AM,,,,,,,,above 580; need stumps removed
-122.198753,37.794058,Acer rubrum 'October Glory',12/31/2018 12:00:00 AM,,,,,,,,above 580; need stumps removed
-122.197810,37.772519,,12/31/2018 12:00:00 AM,,,,,,,,REMOVED BY OWNERS
-122.197680,37.774290,Lagerstroemia x 'Muskogee',12/31/2018 12:00:00 AM,,,,,,,,also got 1 CF tree in yard (see TFO tab)
-122.196559,37.811720,Lagerstroemia indica x L. fauriei 'Muskogee',12/31/2018 12:00:00 AM,,,,,,,,"ARB's notes: 9/08/16: ""files TRF.""  9/18/16: ""ARB on site - crepe myrtle (hybrid) purple. Has a straggly hornbeam in slot in bricked-in planting strip (24""). He will remove tree, call City of Oakland to remove stump and call us to plant tree. May buy his"
-122.191489,37.738201,Photinia x fraseri,12/31/2018 12:00:00 AM,,,,,,,,corner lot
-122.191394,37.738204,Photinia x fraseri,12/31/2018 12:00:00 AM,,,,,,,,corner lot
-122.191319,37.738227,Photinia x fraseri,12/31/2018 12:00:00 AM,,,,,,,,corner lot
-122.191207,37.738342,Photinia x fraseri,12/31/2018 12:00:00 AM,,,,,,,,corner lot
-122.190769,37.774517,Tilia tomentosa 'Green Mountain',12/31/2018 12:00:00 AM,,,,,,,,Nyssa sylvatica as front lawn tree: discussed but declined
-122.190037,37.779067,Robinia x ambigua 'Purple Robe',12/31/2018 12:00:00 AM,,,,,,,,see #1
-122.189925,37.779147,Robinia x ambigua 'Purple Robe',12/31/2018 12:00:00 AM,,,,,,,,corner lot; also paid for concrete removal in backyard
-122.189805,37.779155,Tilia tomentosa,12/31/2018 12:00:00 AM,,,,,,,,see #1
-122.189017,37.782298,Cercis canadensis Eastern redbud,12/31/2018 12:00:00 AM,,,,,,,,next-door neighbor MaryEllen is handling the request; DKS met w MaryEllen 3/21/16 - she and Lisa will split the $100 charge; sent species list and SelecTree links -dks 3/23/16; stopped by to verify USA clearance -dks 4/05/16; emailed to ask for species s
-122.187011,37.773873,Crape Myrtle Dynamite,12/31/2018 12:00:00 AM,,,,,,,,"called left vmail to call me back and emailed high voltage wire options -hhc 12/7/2016; doesn?t want it to hit street sweeping truck; can contribute $100-$150 to a small street tree, please waitlist; will call 811 to submit USA for left side front yard -"
-122.186765,37.774699,Rhus lancea,12/31/2018 12:00:00 AM,,,,,,,,"corner lot; 3 on Brann, 1 on Seminary"
-122.186700,37.774640,Rhus lancea,12/31/2018 12:00:00 AM,,,,,,,,"corner lot; 3 on Brann, 1 on Seminary"
-122.186654,37.774596,Rhus lancea,12/31/2018 12:00:00 AM,,,,,,,,"corner lot; 3 on Brann, 1 on Seminary"
-122.186619,37.774424,Quercus shumardii,12/31/2018 12:00:00 AM,,,,,,,,"corner lot; 3 on Brann, 1 on Seminary"
-122.186579,37.774293,Lagerstroemia x 'Dynamite',12/31/2018 12:00:00 AM,,,,,,,,"corner lot; 3 on Brann, 2 on Seminary"
-122.186544,37.774323,Lagerstroemia x 'Dynamite',12/31/2018 12:00:00 AM,,,,,,,,"corner lot; 3 on Brann, 2 on Seminary"
-122.186359,37.774324,Lagerstroemia x 'Dynamite',12/31/2018 12:00:00 AM,,,,,,,,"corner lot; 3 on Brann, 2 on Seminary"
-122.186318,37.774285,Lagerstroemia x 'Dynamite',12/31/2018 12:00:00 AM,,,,,,,,"corner lot; 3 on Brann, 2 on Seminary"
-122.186262,37.774233,Lagerstroemia x 'Dynamite',12/31/2018 12:00:00 AM,,,,,,,,"corner lot; 3 on Brann, 2 on Seminary"
-122.186088,37.774236,Ginkgo biloba 'Fairmont',12/31/2018 12:00:00 AM,,,,,,,,also transplant existing maple 20' west
-122.183239,37.773730,Podocarpus gracilior,12/31/2018 12:00:00 AM,,,,,,,,replacement
-122.182785,37.774021,Acer rubrum 'October Glory',12/31/2018 12:00:00 AM,,,,,,,,replacement
-122.182075,37.777060,Lagerstroemia x 'Muskogee',12/31/2018 12:00:00 AM,,,,,,,,see #1
-122.182028,37.777034,Lagerstroemia x 'Muskogee',12/31/2018 12:00:00 AM,,,,,,,,"one official tree, one unofficial tree"
-122.177901,37.760615,Acer buergerianum Trident Maple,12/31/2018 12:00:00 AM,,,,,,,,emailed to pitch options for high voltage wire address -hhc 10/8/2016; will pay for small tree in front and want large tree in front yard; shared promo material - says they'll reach out to neighbors; emailed to explain next steps -hhc 10/17/2016; potenti
-122.176431,37.798290,Gymnocladus dioica 'Espresso',12/31/2018 12:00:00 AM,,,,,,,,sidewalk may be too narrow for street-trees; plant yard tree instead?  DKS 10/2016: She decided on Kentucky coffee tree but we need to explain that we won't plant on private property outside grant area.  DKS 4/07/17: Check in again. Do you still want the
-122.175932,37.770911,Ginkgo Biloba 'Fairmont',12/31/2018 12:00:00 AM,,,,,,,,"emailed to explain out of grant zone -hhc 1/5/2017; yes to pay $100 for tree -hhc 1/9/2017; emailed to meet -hhc 1/11/2017; set to meet 1/25 @ 4pm-hhc 1/13/2017; emailed list of st trees -hhc 1/25/2017; emailed to ask for watering source, if will be home,"
-122.169996,37.775846,Metrosideros excelsa,12/31/2018 12:00:00 AM,,,,,,,,see #1
-122.169940,37.775882,Metrosideros excelsa,12/31/2018 12:00:00 AM,,,,,,,,"update 10/22/16: these owners moved away, left instructions with new owners"
-122.168009,37.767979,Acer rubrum ?October Glory?,12/31/2018 12:00:00 AM,,,,,,,,"left front, behind the sidewalk. Wide-open space, no concrete present. Per ARB notes"
-122.161531,37.740976,Cercis canadensis 'Forest Pansy',12/31/2018 12:00:00 AM,,,,,,,,emailed high voltage Qs -hhc 1/17/2017; interested in paying for 1 and potential second at whole sale price? (loyes for affordable S street tree);  Locations: right side of driveway bordering w/neighbor on 1915; potential location in front of pollar of ho
-122.161003,37.740398,Trident Maple,12/31/2018 12:00:00 AM,,,,,,,,
-122.160081,37.775367,Lagerstroemia x 'Tuscarora',12/31/2018 12:00:00 AM,,,,,,,,see #1
-122.159960,37.775465,Lagerstroemia x 'Tuscarora',12/31/2018 12:00:00 AM,,,,,,,,above 580
-122.157499,37.746448,Prunus x blireiana,12/31/2018 12:00:00 AM,,,,,,,,"verify width of strip, verify whether space near driveway can accommodate an official tree - DKS 11/15/16; ARB says RTP 12/19/16; Erin expressed loyesed at sm trees and want a Prunus x blireiana -hhc 2/2/2017; says yes with unofficial - pdf'ed response and"
-122.157460,37.746393,Magnolia grandiflora 'St. Mary',12/31/2018 12:00:00 AM,,,,,,,,"verify width of strip, verify whether space near driveway can accommodate an official tree - DKS 11/15/16; ARB says RTP 12/19/16 hhc's 1/5/2017 assessment:9920 Voltaire Ave: FFS; existing planting strip was 34' 3"" long at a width of 2' 4"". The entire s"
-122.156086,37.747755,Quercus suber Cork Oak,12/31/2018 12:00:00 AM,,,,,,,,"ARB 10/24/16: on site; no curb or sidewalk on Thermal Rd but 10' from house to street; on 99th Ave, 5-6' strip and 4-5' sidewalk, no overhead wires.  ARV 10/24/16: talk by phone, wants trees on 99th, not on Thermal; 2 M or L? or 3 Sm?; sewer goes out The"
-122.156007,37.747776,Lyonothamnus floribundus asplenifolius Catalina Ironwood,12/31/2018 12:00:00 AM,,,,,,,,see #1
-122.155944,37.747792,Quercus suber Cork Oak,12/31/2018 12:00:00 AM,,,,,,,,see #1
-122.150000,37.775434,Lagerstroemia x 'Tuscarora',12/31/2018 12:00:00 AM,,,,,,,,see #1
-122.147915,37.745577,Lagerstroemia x 'Tuscarora',12/31/2018 12:00:00 AM,,,,,,,,Spanish first language. 9/07: DKS asks Jose to call; Isabel called - tree to the right is too close to the driveway; will have construction soon and will need to move tree further left - she'd like to be there to tell us where the tree should go -hhc 12/
-122.147852,37.745613,Lagerstroemia x 'Tuscarora',12/31/2018 12:00:00 AM,,,,,,,,Spanish first language. 9/07: DKS asks Jose to call; Isabel called - tree to the right is too close to the driveway; will have construction soon and will need to move tree further left - she'd like to be there to tell us where the tree should go -hhc 12/
-122.261116,37.842925,Tristaniopsis laurina,2018-12-31 0:00:00,,,,,,,,apartment bldg with absentee owner; 5th space declined
-122.261078,37.833206,Ginkgo biloba 'Presidential Gold',12/31/2018 12:00:00 AM,,,,,,,,owner reported 1 dead in late 2017
-122.261077,37.836112,Prunus cerasifera 'Krauter Vesuvius' Purple Leaf Plum,12/31/2018 12:00:00 AM,,,,,,,,"per ARB she wants Prunus cerasifera (1), Magnolia 'St. Mary' (1), Acer rubrum 'Brandywine' (1) advised her wells cut only allow for ""small"" trees; asked her to choose small or consider expanding more; she chose 4 smalls trees, but said was open to expand"
-122.261066,37.836159,Cercis canadensis Eastern Redbud,12/31/2018 12:00:00 AM,,,,,,,,"per ARB she wants Prunus cerasifera (1), Magnolia 'St. Mary' (1), Acer rubrum 'Brandywine' (1) advised her wells cut only allow for ""small"" trees; asked her to choose small or consider expanding more; she chose 4 smalls trees, but said was open to expand"
-122.261060,37.842917,Tristaniopsis laurina,12/31/2018 12:00:00 AM,,,,,,,,apartment bldg with absentee owner; 5th space declined
-122.261017,37.836344,Lagerstroemia 'Muskogee' Hybrid Crape Myrtle,12/31/2018 12:00:00 AM,,,,,,,,"per ARB she wants Prunus cerasifera (1), Magnolia 'St. Mary' (1), Acer rubrum 'Brandywine' (1) advised her wells cut only allow for ""small"" trees; asked her to choose small or consider expanding more; she chose 4 smalls trees, but said was open to expand"
-122.260969,37.836366,Acer nigrum,12/31/2018 12:00:00 AM,,,,,,,,"per ARB she wants Prunus cerasifera (1), Magnolia 'St. Mary' (1), Acer rubrum 'Brandywine' (1) advised her wells cut only allow for ""small"" trees; asked her to choose small or consider expanding more; she chose 4 smalls trees, but said was open to expand"
-122.260941,37.842897,Tristaniopsis laurina,12/31/2018 12:00:00 AM,,,,,,,,apartment bldg with absentee owner; 5th space declined
-122.260883,37.842888,Tristaniopsis laurina,12/31/2018 12:00:00 AM,,,,,,,,apartment bldg with absentee owner; 5th space declined
-122.260059,37.831256,Acer buergerianum,12/31/2018 12:00:00 AM,,,,,,,,see #1
-122.260043,37.831321,Acer buergerianum,12/31/2018 12:00:00 AM,,,,,,,,"10/3/16: Submits electronic TRF.  ARB 10/10/16: He wants 2 African sumacs. 10/13/16: ARB on site, marks 2 tree wells in old urbanite w concrete binder. Ready for utilities - we know water & gas but not sewer. 2.5' planting strip, 5' sidewalk. More than $"
-122.259149,37.848137,Prunus x blireiana Double-pink-flowering Plum,12/31/2018 12:00:00 AM,,,,,,,,"SCTT planted a redbud here in January 2015?.  Lolo emailed DKS to say she doesn't like how slowly the redbud is growing, also getting damaged from car doors, pedestrians. Wanted a bigger tree, requested Arbutus 'Marina', but City's rule requiring Small t"
-122.254147,37.840481,Ginkgo biloba 'Fairmont',12/31/2018 12:00:00 AM,,,,,,,,"ARB says RTP 12/19/16; verified 36""x72"" well -dks 12/27/16; planted 12/31/16; verified/QC -dks 1/06/17; needs instruction sheet?.  DKS 5/10/17: Called and left voicemail, asked for email address and offered to send instruction sheet.  DKS 5/15/17: Jeff c"
-122.252743,37.827498,Lagerstroemia 'Muskogee' (purple crape myrtle),12/31/2018 12:00:00 AM,,,,,,,,HHC forwarded to DKS & ARB-hhc 10/9/2016; centered in planting strip north of driveway per ARB notes 11/29/2016; emailed care sheet -hhc 12/5/2016
-122.300096,37.810248,St. Mary's Magnolia,12/31/2018 12:00:00 AM,,,,,,,,emailed tenant-owner agreement and next steps -hhc 1/6/2017; emailed to explain no can do on Wood St; asked if want to meet -hhc 1/18/2017; set to meet 1/25 @ 3PM -hhc 1/23/2017; asked if will be around/ watering source/yes to house tree overnight -hhc 1/
-122.300049,37.810222,St. Mary's Magnolia,12/31/2018 12:00:00 AM,,,,,,,,emailed tenant-owner agreement and next steps -hhc 1/6/2017; emailed to explain no can do on Wood St; asked if want to meet -hhc 1/18/2017; set to meet 1/25 @ 3PM -hhc 1/23/2017; asked if will be around/ watering source/yes to house tree overnight -hhc 1/
-122.285320,37.818147,Trident Maple,12/31/2018 12:00:00 AM,,,,,,,,emailed next steps for high v FFS -hhc 3/27/2017; already has trees 1 empty tree well - emailed to meet -hhc 3/28/2017; emailed again to meet -hhc 4/12/2017; set to meet 4/18 @ 12 -hhc 4/14/2017; went to loyes and there were no marks - Latham wants same t
-122.278264,37.809824,Ceanothus 'Ray Hartman',12/31/2018 12:00:00 AM,,,,,,,,replacement
-122.273620,37.823313,Quercus agrifolia,12/31/2018 12:00:00 AM,,,,,,,,replacement.  DKS July 2017: Changed contact from Ali Goldstein (teacher) to Ashley Martin (principal) and Wanda Stewart (new garden teacher).
-122.271520,37.801782,Lophostemon confertus / Tristania conferta,12/31/2018 12:00:00 AM,,,,,,,,see #1
-122.271501,37.801774,Lophostemon confertus / Tristania conferta,12/31/2018 12:00:00 AM,,,,,,,,see #1
-122.271484,37.801669,Pistacia chinensis,12/31/2018 12:00:00 AM,,,,,,,,"existing tree-well with grate 4'x4', too small for CalFire"
-122.271470,37.801688,Pistacia chinensis,12/31/2018 12:00:00 AM,,,,,,,,see #1
-122.271361,37.841278,Water Gum,12/31/2018 12:00:00 AM,,,,,,,,emailed to say out of grant zone & concrete removal will cost more -hhc 1/5/2017; will pay $250 for street tree; would like to buy tree for backyard to plant on own; emailed list of trees to peruse and planting guide -hhc 1/6/2017; emailed to meet -hhc 2
-122.270911,37.819150,Lagerstroemia 'Natchez',12/31/2018 12:00:00 AM,,,,,,,,"small trees only along 29th St side, sidewalk 6' w. This was a referral from Linda Lonay (889 34th St) in May 2016, who later said we should abandon this TRF, but revived in Sep-Oct 2016"
-122.270860,37.819140,Lagerstroemia 'Natchez',12/31/2018 12:00:00 AM,,,,,,,,see #1
-122.270803,37.819124,Lagerstroemia 'Natchez',12/31/2018 12:00:00 AM,,,,,,,,see #1
-122.270740,37.819111,Lagerstroemia 'Natchez',12/31/2018 12:00:00 AM,,,,,,,,see #1
-122.270715,37.821175,Tilia tomentosa,12/31/2018 12:00:00 AM,,,,,,,,"two layers of sidewalk to remove: sawcut upper, jackhammer lower"
-122.270667,37.821372,Tilia tomentosa,12/31/2018 12:00:00 AM,,,,,,,,"two layers of sidewalk to remove: sawcut upper, jackhammer lower"
-122.267313,37.843225,Acer buergerianum,12/31/2018 12:00:00 AM,,,,,,,,owner paid $300 for removal of concrete strip
-122.266707,37.850164,Acer buergerianum,12/31/2018 12:00:00 AM,,,,,,,,"price $100 for tree, $40 for imported soil"
-122.160041,37.775400,Lagerstroemia x 'Tuscarora',12/31/2018 12:00:00 AM,,,,,,,,see #1
-122.272168,37.826276,goldenrain tree,2019-01-03 11:00:00,,yes,yes,no,no,no,no,Lashed too
-122.191843,37.760092,red maple,2019-01-05 11:00:00,,yes,yes,yes,yes,yes,no,
-122.191843,37.760051,Shumard red oak,2019-01-05 11:00:00,,yes,yes,yes,yes,yes,no,
-122.191082,37.760415,Catalina ironwood,2019-01-05 11:00:00,,yes,yes,no,yes,yes,no,pruned
-122.191063,37.760390,Catalina ironwood,2019-01-05 11:00:00,,yes,yes,no,yes,yes,no,pruned
-122.191056,37.760360,Catalina ironwood,2019-01-05 11:00:00,,yes,yes,no,yes,yes,no,pruned
-122.191046,37.760451,Catalina ironwood,2019-01-05 11:00:00,,yes,yes,no,yes,yes,no,pruned
-122.191033,37.760376,Catalina ironwood,2019-01-05 11:00:00,,yes,yes,no,yes,yes,no,pruned
-122.191027,37.760348,Catalina ironwood,2019-01-05 11:00:00,,yes,yes,no,yes,yes,no,pruned
-122.191021,37.760466,Catalina ironwood,2019-01-05 11:00:00,,no,no,no,yes,no,no,
-122.191016,37.760437,Catalina ironwood,2019-01-05 11:00:00,,yes,yes,no,yes,yes,no,pruned
-122.191002,37.760353,Catalina ironwood,2019-01-05 11:00:00,,yes,yes,no,yes,yes,no,pruned
-122.190984,37.760377,Catalina ironwood,2019-01-05 11:00:00,,yes,yes,no,yes,yes,no,pruned
-122.190978,37.760402,Catalina ironwood,2019-01-05 11:00:00,,yes,yes,no,yes,yes,no,pruned
-122.190978,37.760432,Catalina ironwood,2019-01-05 11:00:00,,yes,yes,no,yes,yes,no,pruned
-122.190951,37.760381,Catalina ironwood,2019-01-05 11:00:00,,yes,yes,no,yes,yes,no,pruned
-122.190938,37.760402,Catalina ironwood,2019-01-05 11:00:00,,yes,yes,no,yes,yes,no,pruned
-122.268734,37.798632,Brisbane box,2019-01-08 11:00:00,WB,yes,no,no,yes,no,yes, Removed brace and stakes
-122.268907,37.797541,cork oak,2019-01-08 11:00:00,WB,yes,no,no,yes,yes,no,"weeds and trash, Needs bigger clippers, needs more mulch"
-122.258222,37.799167,ginkgo,2019-01-08 11:00:00,WB,yes,no,no,yes,yes,yes,"plastic tied to tree, needs more mulch"
-122.257509,37.798885,Chinese Pistache,2019-01-08 11:00:00,WB,yes,yes,no,yes,yes,yes,"wood tied to tree, needs more mulch"
-122.256289,37.820973,coast live oak,2019-01-08 11:00:00,WB,yes,yes,yes,no,yes,yes,"weeds, needs more mulch"
-122.256220,37.820926,coast live oak,2019-01-08 11:00:00,WB,yes,yes,yes,no,yes,yes,"weeds, needs more mulch"
-122.256150,37.820885,coast live oak,2019-01-08 11:00:00,WB,yes,yes,yes,yes,yes,yes,needs more mulch
-122.257764,37.814302,Australian willow,2019-01-08 11:00:00,WB,yes,yes,yes,yes,no,yes,
-122.232766,37.794933,Akebono Cherry,2019-01-09 11:00:00,WB,yes,no,no,yes,yes,yes,
-122.232103,37.800268,Shumard red oak,2019-01-09 11:00:00,WB,yes,yes,yes,yes,yes,yes,"Might be time to take off the planting stake, yes (w p-stake)"
-122.231644,37.800961,Jacaranda,2019-01-09 11:00:00,WB,yes,no,no,yes,yes,yes,
-122.228331,37.794941,Raywood ash,2019-01-09 11:00:00,WB,yes,yes,yes,yes,No,yes,
-122.238614,37.787189,African Sumac,2019-01-18 11:00:00,WB,yes,yes,yes,yes,No,yes,rocks
-122.233134,37.783118,Shumard red oak,2019-01-18 11:00:00,WB,yes,yes,yes,yes,yes,yes,
-122.233040,37.783065,hybrid madrone,2019-01-18 11:00:00,WB,yes,yes,yes,yes,yes,yes,
-122.232818,37.773376,tupelo,2019-01-18 11:00:00,WB,yes,yes,yes,yes,yes,yes,3 wood stakes
-122.232596,37.784068,cork oak,2019-01-18 11:00:00,WB,yes,yes,yes,yes,yes,yes,
-122.231053,37.790850,Chinese Pistache,2019-01-18 11:00:00,WB,yes,yes,yes,yes,yes,yes,
-122.230568,37.777648,cajeput tree,2019-01-18 11:00:00,WB,yes,yes,yes,yes,yes,yes,
-122.230545,37.777676,cajeput tree,2019-01-18 11:00:00,WB,yes,no,no,yes,yes,yes,"This is all tangled up in its brace and the leader loyess way off, Remove Stakes and braces?"
-122.230510,37.777715,cajeput tree,2019-01-18 11:00:00,WB,yes,no,no,yes,yes,yes,
-122.230278,37.777515,peppermint tree,2019-01-18 11:00:00,WB,yes,yes,yes,yes,yes,yes,
-122.230237,37.777557,peppermint tree,2019-01-18 11:00:00,WB,yes,yes,yes,yes,yes,yes,
-122.229208,37.784175,purple-flowering locust,2019-01-18 11:00:00,WB,yes,no,no,yes,yes,yes, Removed brace and stakes
-122.228788,37.776508,Brisbane box,2019-01-18 11:00:00,WB,yes,no,no,yes,yes,yes,
-122.228499,37.781288,pin oak,2019-01-18 11:00:00,WB,yes,yes,yes,yes,yes,yes,Health and form should be examined
-122.228443,37.781339,pin oak,2019-01-18 11:00:00,WB,yes,yes,yes,yes,yes,yes,Health and form should be examined
-122.226979,37.773398,silver linden,2019-01-18 11:00:00,WB,yes,yes,yes,yes,yes,yes,'regular homeless vandals'...
-122.226939,37.773473,Emerald Sunshine elm,2019-01-18 11:00:00,WB,yes,No,no,yes,yes,yes,regular homeless vandals’... removed stakes
-122.226898,37.773565,silver linden,2019-01-18 11:00:00,WB,yes,yes,yes,yes,yes,yes,'regular homeless vandals'...
-122.225232,37.786265,cork oak,2019-01-18 11:00:00,WB,yes,no,no,yes,yes,yes," Removed brace and stakes, plantings"
-122.224921,37.781320,Jacaranda,2019-01-18 11:00:00,WB,yes,yes,yes,no,no,yes,plantings
-122.224367,37.788425,Coast Live Oak,2019-01-18 11:00:00,WB,yes,no,no,yard,yes,yes,
-122.224340,37.788386,Purple-flowering Locust,2019-01-18 11:00:00,WB,yes,yes,yes,yes,yes,yes,
-122.224278,37.785118,hybrid madrone,2019-01-18 11:00:00,WB,yes,no,no,yes,yes,yes, Removed brace and stakes
-122.224203,37.785290,hybrid madrone,2019-01-18 11:00:00,WB,yes,yes,yes,No,No,yes,There is a sinkhole in the planting strip no amount of mulch will fix
-122.217102,37.781974,ginkgo,2019-01-18 11:00:00,WB,yes,yes,yes,No,no,yes,
-122.216660,37.783084,Fuyu persimmon,2019-01-18 11:00:00,WB,yes,yes,no,no,yes,yes,"wooden planting stake, yard"
-122.216560,37.783083,Evelyn hedge maple,2019-01-18 11:00:00,WB,yes,no,no,yes,yes,yes,"removed stakes, braces"
-122.216505,37.783045,goldenrain tree,2019-01-18 11:00:00,WB,yes,yes,yes,yes,yes,yes,Stake could be removed w/ in 6 months
-122.216477,37.782418,,2019-01-18 11:00:00,WB,yes,yes,yes,No,No,No,"No green in the tips, fragile branches, has weeds"
-122.216449,37.783012,Evelyn hedge maple,2019-01-18 11:00:00,WB,yes,yes,yes,yes,yes,yes,Stake could be removed w/ in 6 months
-122.216049,37.795681,black maple,2019-01-18 11:00:00,WB,yes,yes,yes,yes,yes,yes,
-122.215915,37.785304,hybrid madrone,2019-01-18 11:00:00,WB,yes,yes,yes,yes,yes,yes,
-122.214983,37.786541,ginkgo,2019-01-18 11:00:00,WB,yes,no,no,no,yes,yes,Seems small for age yard
-122.214144,37.794128,African fern pine,2019-01-18 11:00:00,WB,yes,yes,yes,yes,yes,yes,
-122.214106,37.794113,Fuyu persimmon,2019-01-18 11:00:00,WB,yes,no,no,No,yes,yes,yard
-122.212034,37.787174,hybrid madrone,2019-01-18 11:00:00,WB,yes,no,no,No,yes,yes,no stakes (wood planting) yard
-122.211909,37.787195,London plane tree,2019-01-18 11:00:00,WB,yes,yes,yes,No,no,yes,plantings
-122.194295,37.779287,New Zealand Christmas tree,2019-01-21 11:00:00,WB,yes,yes,yes,yes,yes,yes,
-122.189777,37.777015,Chinese flame tree,2019-01-21 11:00:00,WB,yes,no,no,no,no,yes,yard
-122.189623,37.774885,silver linden,2019-01-21 11:00:00,WB,yes,yes,yes,yes,yes,yes,
-122.189259,37.774495,Chinese pistache,2019-01-21 11:00:00,WB,yes,yes,yes,yes,yes,yes,
-122.189220,37.774461,Chinese pistache,2019-01-21 11:00:00,WB,yes,yes,yes,yes,yes,yes,
-122.187871,37.774450,Hybrid Madrone,2019-01-21 11:00:00,WB,yes,yes,yes,yes,yes,yes,
-122.187844,37.774336,Ginkgo,2019-01-21 11:00:00,WB,yes,yes,yes,yes,yes,yes,
-122.187833,37.774269,Ginkgo,2019-01-21 11:00:00,WB,yes,yes,yes,yes,yes,yes,
-122.187827,37.774468,Hybrid Madrone,2019-01-21 11:00:00,WB,yes,yes,yes,yes,yes,yes,
-122.187743,37.774198,Chitalpa,2019-01-21 11:00:00,WB,yes,yes,yes,yes,yes,yes,
-122.187731,37.774531,Emerald Sunshine Elm,2019-01-21 11:00:00,WB,yes,yes,yes,yes,yes,yes,
-122.187681,37.774147,Chitalpa,2019-01-21 11:00:00,WB,yes,yes,yes,yes,yes,yes,Trauma to trunk
-122.186960,37.775021,Australian willow,2019-01-21 11:00:00,WB,yes,yes,yes,yes,yes,yes,
-122.186900,37.774967,Red Maple,2019-01-21 11:00:00,WB,yes,yes,yes,yes,yes,yes,Trauma to trunk and leader a little off
-122.186899,37.775110,Australian willow,2019-01-21 11:00:00,WB,yes,yes,yes,yes,yes,yes,
-122.186855,37.774925,Australian willow,2019-01-21 11:00:00,WB,yes,yes,yes,yes,yes,yes,
-122.186804,37.774877,Red Maple,2019-01-21 11:00:00,WB,yes,yes,yes,yes,yes,yes,
-122.186766,37.774844,Australian willow,2019-01-21 11:00:00,WB,yes,yes,yes,yes,yes,yes,
-122.185668,37.775309,Southern magnolia,2019-01-21 11:00:00,WB,yes,no,no,yes,no,no,"Owner should be notified re: weeds at base, yard/weeds"
-122.183117,37.772535,,2019-01-21 11:00:00,WB,yes,yes,yes,no,no,no,"Health? 3 Stake, 3 brace, fix stake"
-122.183044,37.772591,,2019-01-21 11:00:00,WB,yes,yes,yes,no,no,no,"Health? 3 Stake, 3 brace"
-122.182752,37.772079,incense cedar,2019-01-21 11:00:00,WB,yes,yes,yes,yes,yes,yes,"3 Stake, 3 brace"
-122.182698,37.772048,silver linden,2019-01-21 11:00:00,WB,yes,yes,yes,yes,yes,yes,Trauma to trunk
-122.182693,37.772097,purple-flowering locust,2019-01-21 11:00:00,WB,yes,yes,yes,yes,yes,yes,"3 Stake, 3 brace"
-122.182673,37.772131,tupelo,2019-01-21 11:00:00,WB,yes,yes,yes,yes,yes,yes,"3 Stake, 3 brace"
-122.182620,37.772098,silver linden,2019-01-21 11:00:00,WB,yes,yes,yes,yes,yes,yes,Trauma to trunk
-122.182607,37.772152,purple-flowering locust,2019-01-21 11:00:00,WB,yes,yes,yes,yes,yes,yes,"3 Stake, 3 brace"
-122.182589,37.772186,incense cedar,2019-01-21 11:00:00,WB,yes,yes,yes,yes,yes,yes,"3 Stake, 3 brace"
-122.182554,37.772181,tupelo,2019-01-21 11:00:00,WB,yes,yes,yes,yes,yes,yes,"3 Stake, 3 brace"
-122.182553,37.772139,silver linden,2019-01-21 11:00:00,WB,yes,yes,yes,yes,yes,yes,
-122.182529,37.772220,purple-flowering locust,2019-01-21 11:00:00,WB,yes,yes,yes,yes,yes,yes,"3 Stake, 3 brace"
-122.182527,37.772631,scarlet oak,2019-01-21 11:00:00,WB,yes,yes,yes,yes,yes,yes,"3 Stake, 3 brace"
-122.182491,37.772181,silver linden,2019-01-21 11:00:00,WB,yes,yes,yes,yes,yes,yes,
-122.182485,37.772235,purple-flowering locust,2019-01-21 11:00:00,WB,yes,yes,yes,yes,yes,yes,"3 Stake, 3 brace"
-122.182483,37.772257,tupelo,2019-01-21 11:00:00,WB,yes,yes,yes,yes,yes,yes,"3 Stake, 3 brace"
-122.182412,37.772232,silver linden,2019-01-21 11:00:00,WB,yes,yes,yes,yes,yes,yes,
-122.182406,37.772297,purple-flowering locust,2019-01-21 11:00:00,WB,yes,yes,yes,yes,yes,yes,"3 Stake, 3 brace"
-122.182373,37.772545,red maple,2019-01-21 11:00:00,WB,yes,yes,yes,yes,yes,yes,"3 Stake, 3 brace"
-122.182361,37.772334,tupelo,2019-01-21 11:00:00,WB,yes,yes,yes,yes,yes,yes,"3 Stake, 3 brace"
-122.182352,37.772269,silver linden,2019-01-21 11:00:00,WB,yes,yes,yes,yes,yes,yes,
-122.182306,37.772380,incense cedar,2019-01-21 11:00:00,WB,yes,yes,yes,yes,yes,yes,"3 Stake, 3 brace"
-122.182283,37.772314,silver linden,2019-01-21 11:00:00,WB,yes,yes,yes,yes,yes,yes,
-122.182281,37.772465,red maple,2019-01-21 11:00:00,WB,yes,yes,yes,yes,yes,yes,"3 Stake, 3 brace"
-122.182217,37.772358,silver linden,2019-01-21 11:00:00,WB,yes,yes,yes,yes,yes,yes,
-122.269674,37.809782,Shumard red oak,2019-01-24 11:00:00,WB,No,no,no,No,No,No,DEAD 2018
-122.269602,37.810073,Shumard red oak,2019-01-24 11:00:00,WB,yes,No,No,yes,yes,No,"Water bag, two different sets of stakes"
-122.269404,37.809818,Shumard red oak,2019-01-24 11:00:00,WB,No,no,no,No,No,No,Dead 2019
-122.269392,37.809867,Shumard red oak,2019-01-24 11:00:00,WB,No,no,no,No,No,No,Dead 2019
-122.268821,37.813175,London plane tree,2019-01-24 11:00:00,WB,yes,no,no,yes,yes,yes,DEAD 2018
-122.268686,37.812664,Shumard red oak,2019-01-24 11:00:00,WB,yes,no,no,yes,yes,yes,
-122.267744,37.814632,red maple,2019-01-24 11:00:00,WB,yes,Yes,Yes,yes,No,yes,wounds from nursery stake
-122.267681,37.817703,Shumard red oak,2019-01-24 11:00:00,WB,yes,yes,yes,no,yes,No,"DEAD 2018, trash"
-122.267501,37.814590,red maple,2019-01-24 11:00:00,WB,yes,Yes,Yes,yes,yes,yes,
-122.267423,37.814576,red maple,2019-01-24 11:00:00,WB,yes,Yes,Yes,yes,yes,yes,
-122.267315,37.814559,red maple,2019-01-24 11:00:00,WB,yes,no,no,yes,yes,yes,"wounds from nursery stake, Removed stakes and braces"
-122.267246,37.818088,Afterburner tupelo,2019-01-24 11:00:00,WB,yes,no,no,no,yes,yes,plantings
-122.267238,37.814546,red maple,2019-01-24 11:00:00,WB,yes,Yes,Yes,yes,yes,yes,
-122.267186,37.818077,Afterburner tupelo,2019-01-24 11:00:00,WB,yes,no,no,no,yes,yes,plantings
-122.267120,37.818066,Afterburner tupelo,2019-01-24 11:00:00,WB,yes,no,no,no,yes,yes,plantings
-122.267068,37.818057,Afterburner tupelo,2019-01-24 11:00:00,WB,yes,no,no,no,yes,yes,plantings
-122.267065,37.814520,red maple,2019-01-24 11:00:00,WB,yes,Yes,Yes,no,no,yes,"some yellow margins on leaves, weeds, needs mulch"
-122.267045,37.819121,,2019-01-24 11:00:00,WB,yes,yes,yes,no,no,yes,"Misc. wooden stakes in well, water bag, still very young loyesing for 2+ yers in ground, weeds, needs mulch"
-122.267008,37.818050,tupelo,2019-01-24 11:00:00,WB,yes,yes,yes,no,yes,yes,plantings
-122.266963,37.820426,Chinese pistache,2019-01-24 11:00:00,WB,yes,yes,yes,no,no,yes,"weeds, needs mulch"
-122.266846,37.814481,red maple,2019-01-24 11:00:00,WB,yes,Yes,Yes,Yes,Yes,yes,some yellow margins on leaves
-122.266750,37.814464,red maple,2019-01-24 11:00:00,WB,yes,Yes,Yes,Yes,Yes,yes,"minor bark damage, add trunk guard? missing 1 plywood brace"
-122.266648,37.814449,red maple,2019-01-24 11:00:00,WB,yes,Yes,Yes,Yes,Yes,yes,"missing 1 plywood brace, 3"" wood, 1 bryesen"
-122.266523,37.814428,red maple,2019-01-24 11:00:00,WB,yes,Yes,Yes,Yes,Yes,yes,
-122.266452,37.814416,red maple,2019-01-24 11:00:00,WB,yes,Yes,Yes,Yes,Yes,yes,
-122.265640,37.814281,red maple,2019-01-24 11:00:00,WB,yes,Yes,Yes,No,No,yes,"bark damage, add trunk guard, weeds/trash, needs mulch"
-122.270934,37.813447,Purple Robe locust,2019-01-28 11:00:00,WB,yes,yes,yes,yes,yes,yes,
-122.270895,37.813506,Purple Robe locust,2019-01-28 11:00:00,WB,yes,yes,yes,yes,yes,yes,"Trunk damage, leader leaning awkward"
-122.270403,37.813892,Brisbane box,2019-01-28 11:00:00,WB,yes,yes,yes,yes,yes,yes,"Appears to have been headed, rando wooden stake"
-122.270389,37.813941,New Zealand Christmas tree,2019-01-28 11:00:00,WB,yes,no,no,yes,yes,yes,Appears to have been headed
-122.270377,37.813995,Brisbane box,2019-01-28 11:00:00,WB,yes,yes,yes,yes,yes,yes,"Appears to have been headed, yes, planting stake"
-122.270364,37.814056,New Zealand Christmas tree,2019-01-28 11:00:00,WB,yes,yes,yes,yes,yes,yes,Appears to have been headed
-122.270349,37.814120,Brisbane box,2019-01-28 11:00:00,WB,yes,yes,yes,yes,yes,yes, Removed brace and stakes
-122.270338,37.814180,New Zealand Christmas tree,2019-01-28 11:00:00,WB,yes,yes,yes,yes,yes,yes,"Appears to have been headed,  Removed brace and stakes"
-122.270328,37.814234,Brisbane box,2019-01-28 11:00:00,WB,yes,No,No,yes,yes,yes, Removed brace and stakes
-122.270315,37.814298,New Zealand Christmas tree,2019-01-28 11:00:00,WB,yes,yes,yes,yes,yes,yes,"Appears to have been headed,  Removed brace and stakes"
-122.270303,37.814353,Brisbane box,2019-01-28 11:00:00,WB,yes,yes,yes,yes,yes,yes,Remove stake soon
-122.270290,37.814425,New Zealand Christmas tree,2019-01-28 11:00:00,WB,yes,yes,yes,yes,yes,yes,"Appears to have been headed,  Removed brace and stakes"
-122.270278,37.814490,Brisbane box,2019-01-28 11:00:00,WB,yes,yes,yes,yes,yes,yes,Remove stake soon
-122.270221,37.814767,Skyline honeylocust,2019-01-28 11:00:00,WB,yes,yes,yes,yes,yes,yes,
-122.270209,37.814826,Chinese flame tree,2019-01-28 11:00:00,WB,yes,yes,yes,yes,yes,yes,significant trunk damage
-122.270198,37.814885,Skyline honeylocust,2019-01-28 11:00:00,WB,yes,yes,yes,yes,yes,yes,
-122.270187,37.814943,Chinese flame tree,2019-01-28 11:00:00,WB,yes,yes,no,yes,yes,yes,Braces missing bolts
-122.270176,37.815001,Skyline honeylocust,2019-01-28 11:00:00,WB,yes,yes,yes,yes,yes,yes,
-122.270165,37.815058,goldenrain tree,2019-01-28 11:00:00,WB,yes,yes,yes,yes,yes,yes,significant trunk damage
-122.270153,37.815117,Skyline honeylocust,2019-01-28 11:00:00,WB,yes,yes,yes,yes,yes,yes,
-122.270141,37.815176,goldenrain tree,2019-01-28 11:00:00,WB,yes,yes,yes,yes,yes,yes,significant trunk damage
-122.270129,37.815235,Skyline honeylocust,2019-01-28 11:00:00,WB,yes,yes,yes,yes,yes,yes,significant trunk damage
-122.267744,37.814632,red maple,2019-02-08 11:00:00,WB,no,no,no,no,Yes,No,wounds from nursery stake
-122.272368,37.821734,American Ash,2019-02-21 11:00:00,WB,yes,Yes,no,No,no,yes,"Front yard, loyess taken care of, owner might want mulch, planting stake"
-122.295960,37.809243,tupelo,2019-02-22 11:00:00,WB,yes,yes,yes,yes,yes,yes,
-122.294670,37.807173,avocado,2019-02-22 11:00:00,WB,yes,Yes,no,No,no,yes,"May want some mulch, planting stake"
-122.294581,37.807195,ginkgo,2019-02-22 11:00:00,WB,yes,yes,yes,yes,yes,yes,Chickenwire cages by owners
-122.294479,37.807172,ginkgo,2019-02-22 11:00:00,WB,yes,yes,yes,yes,yes,yes,Chickenwire cages by owners
-122.294458,37.815579,river birch,2019-02-22 11:00:00,WB,yes,yes,yes,no,no,yes,"Its a bramble, unsure how to proceed on OP&R property, Major pruning"
-122.294446,37.815545,river birch,2019-02-22 11:00:00,WB,yes,no,no,no,no,yes,"Its a bramble, unsure how to proceed on OP&R property, Major pruning"
-122.294429,37.807126,jacaranda,2019-02-22 11:00:00,WB,yes,No,no,no,no,yes,"May want some mulch, planting stake"
-122.294350,37.815517,river birch,2019-02-22 11:00:00,WB,yes,yes,yes,no,no,yes,"Its a bramble, unsure how to proceed on OP&R property, Major pruning, needs mulch"
-122.293922,37.809840,Coast Live Oak,2019-02-22 11:00:00,WB,yes,yes,yes,yes,no,yes, Needs mulch
-122.293022,37.816906,Colonial Spirit American elm,2019-03-04 11:00:00,WB,yes,yes,yes,bag,bag,yes,
-122.292985,37.816953,Shumard red oak,2019-03-04 11:00:00,WB,yes,yes,yes,bag,bag,yes,
-122.292945,37.817001,Shumard red oak,2019-03-04 11:00:00,WB,yes,yes,yes,bag,bag,yes,
-122.292902,37.817058,Shumard red oak,2019-03-04 11:00:00,WB,yes,yes,yes,bag,bag,yes,Topped at some point
-122.292864,37.817104,Shumard red oak,2019-03-04 11:00:00,WB,yes,yes,yes,bag,bag,yes,
-122.292828,37.817150,Shumard red oak,2019-03-04 11:00:00,WB,yes,yes,yes,bag,bag,yes,
-122.292787,37.817198,Shumard red oak,2019-03-04 11:00:00,WB,yes,yes,yes,bag,bag,yes,
-122.292749,37.817249,Shumard red oak,2019-03-04 11:00:00,WB,yes,yes,yes,bag,bag,yes,
-122.292704,37.817306,Shumard red oak,2019-03-04 11:00:00,WB,yes,fair,yes,bag,bag,yes,
-122.292658,37.817364,Jefferson American elm,2019-03-04 11:00:00,WB,yes,yes,yes,bag,bag,yes,
-122.292558,37.817485,Jefferson American elm,2019-03-04 11:00:00,WB,yes,yes,yes,yes,yes,yes,
-122.292516,37.817541,Shumard red oak,2019-03-04 11:00:00,WB,yes,yes,yes,yes,yes,yes,
-122.292482,37.817581,Shumard red oak,2019-03-04 11:00:00,WB,yes,yes,yes,yes,yes,yes,
-122.292448,37.817623,Shumard red oak,2019-03-04 11:00:00,WB,yes,yes,yes,yes,yes,yes,
-122.292407,37.817677,Shumard red oak,2019-03-04 11:00:00,WB,yes,yes,yes,yes,yes,yes,
-122.292366,37.817727,Shumard red oak,2019-03-04 11:00:00,WB,yes,yes,yes,yes,yes,yes,
-122.288994,37.818671,Australian willow,2019-03-04 11:00:00,WB,yes,yes,yes,yes,yes,yes,bag mulch
-122.288992,37.818749,Australian willow,2019-03-04 11:00:00,WB,yes,yes,yes,yes,yes,yes,bag mulch
-122.288986,37.818798,Australian willow,2019-03-04 11:00:00,WB,yes,yes,yes,yes,yes,yes,bag mulch
-122.288981,37.819148,valley oak,2019-03-04 11:00:00,WB,yes,yes,yes,yes,yes,yes,bag mulch
-122.288979,37.818440,Saratoga laurel,2019-03-04 11:00:00,WB,yes,yes,yes,yes,yes,yes,Black Mulch
-122.288974,37.818970,Australian willow,2019-03-04 11:00:00,WB,yes,yes,yes,yes,yes,yes,bag mulch
-122.288972,37.818536,Saratoga laurel,2019-03-04 11:00:00,WB,yes,yes,yes,yes,yes,yes,Black Mulch
-122.288972,37.819025,Australian willow,2019-03-04 11:00:00,WB,yes,yes,yes,yes,yes,yes,bag mulch
-122.288967,37.818636,Saratoga laurel,2019-03-04 11:00:00,WB,yes,yes,yes,yes,yes,yes,Black Mulch
-122.288963,37.819091,Australian willow,2019-03-04 11:00:00,WB,yes,yes,yes,yes,yes,yes,bag mulch
-122.288947,37.818339,river birch,2019-03-04 11:00:00,WB,yes,no,no,yes,yes,yes,Black Mulch
-122.288892,37.818276,cork oak,2019-03-04 11:00:00,WB,yes,yes,yes,yes,yes,yes,"pruned 6/08/18, bag mulch"
-122.288720,37.818282,cork oak,2019-03-04 11:00:00,WB,yes,yes,yes,yes,yes,yes,"pruned 6/08/18, bag mulch"
-122.288632,37.818304,cork oak,2019-03-04 11:00:00,WB,yes,yes,yes,yes,yes,yes,"pruned 6/08/18, bag mulch"
-122.288419,37.818470,Brisbane box,2019-03-04 11:00:00,WB,yes,yes,yes,yes,yes,yes,"Stake can be removed soon, pruned 6/08/18"
-122.288369,37.818537,Brisbane box,2019-03-04 11:00:00,WB,yes,yes,yes,yes,yes,yes,
-122.288310,37.818618,Brisbane box,2019-03-04 11:00:00,WB,yes,yes,yes,yes,yes,yes,"Stake can be removed soon, pruned 6/08/18"
-122.288239,37.818710,Brisbane box,2019-03-04 11:00:00,WB,yes,yes,yes,yes,yes,yes,
-122.288145,37.818827,Autumn Blaze maple,2019-03-04 11:00:00,WB,yes,no,no,yes,yes,yes,
-122.288085,37.818902,Autumn Blaze maple,2019-03-04 11:00:00,WB,yes,no,no,yes,yes,yes,
-122.288023,37.818979,Autumn Blaze maple,2019-03-04 11:00:00,WB,yes,no,no,yes,yes,yes,
-122.287884,37.819153,Brisbane box,2019-03-04 11:00:00,WB,yes,yes,yes,yes,yes,yes,"Stake can be removed soon, pruned 6/08/18, "
-122.287803,37.819260,Brisbane box,2019-03-04 11:00:00,WB,yes,yes,yes,yes,yes,yes,"Stake can be removed soon, pruned 6/08/18, "
-122.287740,37.819333,Brisbane box,2019-03-04 11:00:00,WB,yes,yes,yes,yes,yes,yes,"Construction on building, tree staked to protect, pruned 6/08/18, "
-122.217850,37.772522,Shumard red oak,2019-03-08 11:00:00,WB,yes,yes,yes,yes,yes,yes,
-122.216819,37.775917,Sensation Boxelder,2019-03-08 11:00:00,WB,yes,yes,yes,yes,yes,yes,
-122.215566,37.776136,hybrid madrone,2019-03-08 11:00:00,WB,yes,yes,yes,No,No,yes,
-122.210304,37.777633,purple-flowering locust,2019-03-08 11:00:00,WB,yes,yes,yes,yes,yes,yes, Removed brace and stakes
-122.210229,37.777701,purple-flowering locust,2019-03-08 11:00:00,WB,yes,yes,yes,yes,yes,yes,May be time to removed stake soon
-122.209240,37.778622,Emerald Sunshine elm,2019-03-08 11:00:00,WB,yes,yes,yes,No,No,No,Possibly Dead?
-122.208600,37.777600,silver linden,2019-03-08 11:00:00,WB,yes,yes,yes,yes,yes,yes,
-122.208600,37.777789,London plane tree,2019-03-08 11:00:00,WB,yes,yes,yes,yes,yes,yes,
-122.208552,37.777840,London plane tree,2019-03-08 11:00:00,WB,yes,yes,yes,yes,yes,yes,
-122.208218,37.773787,New Zealand Christmas tree,2019-03-08 11:00:00,WB,yes,yes,yes,yes,yes,yes,
-122.208180,37.773838,New Zealand Christmas tree,2019-03-08 11:00:00,WB,yes,yes,yes,yes,yes,yes,
-122.205204,37.769574,Jefferson American elm,2019-03-08 11:00:00,WB,yes,yes,yes,No,No,No,May want to talk to owner about stake removal.
-122.205009,37.772888,ginkgo,2019-03-08 11:00:00,WB,yes,yes,yes,yes,yes,yes,
-122.204800,37.774902,Emerald Sunshine Elm,2019-03-08 11:00:00,WB,yes,yes,yes,yes,yes,yes,
-122.204029,37.774267,jacaranda,2019-03-08 11:00:00,WB,yes,yes,yes,No,No,yes,
-122.203984,37.774250,Australian willow,2019-03-08 11:00:00,WB,yes,yes,yes,yes,yes,yes,
-122.203944,37.774292,Australian willow,2019-03-08 11:00:00,WB,yes,yes,yes,yes,yes,yes,
-122.203119,37.775652,Red Maple,2019-03-08 11:00:00,WB,yes,yes,yes,yes,yes,yes,
-122.202349,37.776596,red maple,2019-03-08 11:00:00,WB,yes,yes,yes,yes,yes,yes,
-122.202320,37.776528,red maple,2019-03-08 11:00:00,WB,yes,yes,yes,yes,yes,yes,
-122.202109,37.776019,black maple,2019-03-08 11:00:00,WB,yes,yes,yes,yes,yes,yes,
-122.202028,37.775830,Australian willow,2019-03-08 11:00:00,WB,yes,yes,yes,yes,yes,yes,
-122.201827,37.773968,tupelo,2019-03-08 11:00:00,WB,yes,yes,yes,yes,yes,yes,
-122.201826,37.774023,tupelo,2019-03-08 11:00:00,WB,yes,yes,yes,yes,yes,yes,
-122.201826,37.774998,,2019-03-08 11:00:00,WB,yes,yes,yes,yes,yes,yes,Health of the tree is questionable. Not dead yet
-122.201215,37.776692,black maple,2019-03-08 11:00:00,WB,yes,yes,yes,yes,yes,yes,
-122.200715,37.774746,black maple,2019-03-08 11:00:00,WB,yes,yes,yes,yes,yes,yes,
-122.200591,37.777553,Chinese pistache,2019-03-08 11:00:00,WB,yes,yes,yes,yes,yes,yes,
-122.200525,37.777597,Chinese pistache,2019-03-08 11:00:00,WB,yes,yes,yes,yes,yes,yes,
-122.198733,37.777027,Persian ironwood,2019-03-08 11:00:00,WB,yes,yes,yes,yes,yes,yes,
-122.198699,37.777004,flaxleaf paperbark,2019-03-08 11:00:00,WB,yes,yes,no,no,no,yes,"planting stake, lawn"
-122.197697,37.772515,cork oak,2019-03-08 11:00:00,WB,yes,yes,yes,no,no,yes,"Wooden 3 post stakes, remove?, lawn"
-122.197683,37.774340,Saratoga laurel,2019-03-08 11:00:00,WB,yes,No,Yes,no,no,yes,"Talk to owner about stake removal, string brace, lawn"
-122.197682,37.772476,cork oak,2019-03-08 11:00:00,WB,yes,yes,yes,no,no,yes,"Wooden 3 post stakes, remove? , lawn"
-122.195808,37.774547,October Glory red maple,2019-03-08 11:00:00,WB,yes,yes,yes,yes,yes,yes,
-122.228331,37.794941,Raywood ash,2019-03-15 11:00:00,WB,yes,yes,yes,yes,yes,yes,
-122.296863,37.806575,Persian ironwood,2019-03-15 11:00:00,WB,yes,yes,yes,yes,yes,yes,
-122.296841,37.806632,Persian ironwood,2019-03-15 11:00:00,WB,yes,yes,yes,yes,yes,yes,
-122.296809,37.806723,Persian ironwood,2019-03-15 11:00:00,WB,yes,yes,yes,yes,yes,yes,
-122.288226,37.809893,London plane tree,2019-03-15 11:00:00,WB,yes,yes,yes,yes,yes,yes, Removed brace and stakes
-122.288091,37.809863,London plane tree,2019-03-15 11:00:00,WB,yes,yes,yes,yes,yes,yes, Removed brace and stakes
-122.286121,37.812001,New Harmony American elm,2019-03-15 11:00:00,WB,yes,yes,yes,yes,yes,yes,
-122.285867,37.811992,Colonial Spirit American elm,2019-03-15 11:00:00,WB,yes,yes,yes,yes,yes,yes, Removed brace and stakes
-122.282232,37.813636,scarlet oak,2019-03-15 11:00:00,WB,yes,No,no,yes,yes,yes,Could be loyesed after better.
-122.278567,37.821216,Sensation boxelder,2019-03-15 11:00:00,WB,yes,yes,yes,yes,yes,yes,
-122.268640,37.813909,Shumard red oak,2019-03-15 11:00:00,WB,yes,yes,yes,yes,yes,yes,Replaced 2019
-122.267601,37.803154,Brisbane box,2019-03-15 11:00:00,WB,yes,yes,yes,yes,yes,yes,"Crossbraces on with nails,  Removed brace and stakes"
-122.267577,37.803194,Brisbane box,2019-03-15 11:00:00,WB,yes,yes,yes,yes,yes,yes,"Crossbraces on with nails,  Removed brace and stakes"
-122.266366,37.821625,London plane tree,2019-03-15 11:00:00,WB,yes,yes,yes,yes,yes,yes, Removed brace and stakes
-122.262973,37.825399,red maple,2019-03-15 11:00:00,WB,yes,yes,yes,yes,yes,yes,
-122.251139,37.800757,red maple,2019-03-15 11:00:00,WB,yes,yes,yes,yes,yes,yes, Removed brace and stakes
-122.249702,37.801030,silver linden,2019-03-15 11:00:00,WB,yes,yes,yes,yes,yes,yes, Removed brace and stakes
-122.248301,37.801338,red maple,2019-03-15 11:00:00,WB,yes,yes,yes,yes,yes,yes,"Strange situation with the leader, training?"
-122.245158,37.796838,,2019-03-15 11:00:00,WB,yes,yes,yes,yes,yes,yes,
-122.245114,37.796750,Holly Oak,2019-03-15 11:00:00,WB,yes,yes,yes,yes,yes,yes,leader might need some guidance.
-122.227627,37.794008,cork oak,2019-03-15 11:00:00,WB,yes,yes,yes,yes,yes,yes,
-122.190203,37.777445,Saratoga laurel,2019-03-15 11:00:00,WB,yes,yes,yes,yes,yes,yes, Removed brace and stakes
-122.276954,37.824346,Australian willow,2019-03-28 11:00:00,WB,yes,yes,yes,yes,yes,yes,Magnolia from earlier planting at this house too
-122.276427,37.824864,silver linden,2019-03-28 11:00:00,WB,yes,yes,yes,yes,yes,yes,
-122.275274,37.824586,Brisbane box,2019-03-28 11:00:00,WB,yes,yes,yes,yes,yes,yes, Removed brace and stakes
-122.275198,37.824567,Brisbane box,2019-03-28 11:00:00,WB,yes,yes,yes,yes,yes,yes,Stake can be removed soon
-122.275094,37.824541,Brisbane box,2019-03-28 11:00:00,WB,yes,yes,yes,yes,yes,yes,Stake can be removed soon
-122.274972,37.824511,Brisbane box,2019-03-28 11:00:00,WB,yes,yes,yes,yes,yes,yes, Removed brace and stakes
-122.274911,37.824497,American ash,2019-03-28 11:00:00,WB,yes,yes,yes,No,yes,yes,plantings
-122.273042,37.824051,New Zealand Christmas tree,2019-03-28 11:00:00,WB,yes,Yes,Yes,yes,yes,yes,
-122.272926,37.824020,Shumard red oak,2019-03-28 11:00:00,WB,yes,Yes,Yes,yes,yes,yes,Stake can be removed soon
-122.272833,37.823999,Shumard red oak,2019-03-28 11:00:00,WB,yes,Yes,Yes,yes,yes,yes,
-122.272211,37.829531,ginkgo,2019-03-28 11:00:00,WB,yes,yes,yes,yes,yes,yes,
-122.272205,37.828741,Shumard red oak,2019-03-28 11:00:00,WB,yes,yes,yes,yes,yes,yes,
-122.272180,37.826054,Kentucky coffee tree,2019-03-28 11:00:00,WB,yes,Yes,Yes,yes,yes,yes,Stake can be removed soon
-122.272166,37.826105,red maple,2019-03-28 11:00:00,WB,yes,Yes,Yes,yes,yes,yes,
-122.272146,37.826193,Kentucky coffee tree,2019-03-28 11:00:00,WB,yes,no,no,yes,yes,yes, Removed brace and stakes
-122.272126,37.826272,red maple,2019-03-28 11:00:00,WB,yes,Yes,Yes,yes,yes,yes,
-122.271704,37.816394,purple-flowering locust,2019-03-28 11:00:00,WB,yes,no,no,yes,yes,yes, Removed brace and stakes
-122.271456,37.819794,Brisbane box,2019-03-28 11:00:00,WB,yes,no,no,yes,yes,yes,Water bag can probably be removed
-122.271392,37.822167,Kentucky coffee tree,2019-03-28 11:00:00,WB,yes,yes,yes,yes,yes,yes,
-122.271345,37.819776,Brisbane box,2019-03-28 11:00:00,WB,yes,no,no,yes,yes,yes,Water bag can probably be removed
-122.271141,37.819744,Brisbane box,2019-03-28 11:00:00,WB,yes,yes,yes,yes,yes,yes,Water bag can probably be removed
-122.270861,37.823528,goldenrain tree,2019-03-28 11:00:00,WB,yes,Yes,Yes,yes,yes,yes,
-122.270806,37.823528,goldenrain tree,2019-03-28 11:00:00,WB,yes,Yes,Yes,yes,yes,yes,
-122.270753,37.821020,hybrid madrone,2019-03-28 11:00:00,WB,yes,yes,yes,yes,yes,yes,
-122.270753,37.819676,Purple Robe locust,2019-03-28 11:00:00,WB,yes,yes,yes,yes,yes,yes,
-122.270673,37.819665,Purple Robe locust,2019-03-28 11:00:00,WB,yes,yes,yes,yes,yes,yes,
-122.270600,37.819652,Purple Robe locust,2019-03-28 11:00:00,WB,yes,yes,yes,yes,yes,yes,
-122.270517,37.820624,Brisbane box,2019-03-28 11:00:00,WB,yes,no,no,yes,yes,yes,Water bag can probably be removed
-122.270422,37.820609,Brisbane box,2019-03-28 11:00:00,WB,yes,no,no,yes,yes,yes,Water bag can probably be removed
-122.269434,37.831661,Saratoga laurel,2019-03-28 11:00:00,WB,yes,yes,yes,yes,yes,yes,
-122.271720,37.816343,purple-flowering locust,2019-03-28 11:00:00,WB,yes,Yes,Yes,yes,yes,yes,Stake can be removed soon
-122.300538,37.803319,Canary Island pine,2019-03-29 11:00:00,WB,yes,yes,yes,yes,yes,yes,
-122.300504,37.803322,Canary Island pine,2019-03-29 11:00:00,WB,yes,yes,yes,yes,yes,yes,
-122.300488,37.803388,Canary Island pine,2019-03-29 11:00:00,WB,yes,yes,yes,yes,yes,yes,
-122.300468,37.803359,Canary Island pine,2019-03-29 11:00:00,WB,yes,yes,yes,yes,yes,yes,
-122.300460,37.803424,Afghan pine,2019-03-29 11:00:00,WB,yes,yes,yes,yes,yes,yes,
-122.300459,37.803308,Afghan pine,2019-03-29 11:00:00,WB,yes,yes,yes,yes,yes,yes,
-122.300456,37.803386,Canary Island pine,2019-03-29 11:00:00,WB,yes,yes,yes,yes,yes,yes,
-122.300446,37.803401,Afghan pine,2019-03-29 11:00:00,WB,yes,yes,yes,yes,yes,yes,
-122.300431,37.803359,cajeput tree,2019-03-29 11:00:00,WB,yes,yes,yes,yes,yes,yes,Fair due to age in comparison
-122.300429,37.803420,Afghan pine,2019-03-29 11:00:00,WB,yes,yes,yes,yes,yes,yes,
-122.300421,37.803332,primrose tree,2019-03-29 11:00:00,WB,yes,yes,yes,yes,yes,yes,Metal colar on crown at trunk
-122.300410,37.803407,primrose tree,2019-03-29 11:00:00,WB,yes,yes,yes,yes,yes,yes,
-122.300402,37.803281,Afghan pine,2019-03-29 11:00:00,WB,yes,yes,yes,yes,yes,yes,
-122.300372,37.803284,primrose tree,2019-03-29 11:00:00,WB,yes,yes,yes,yes,yes,yes,Metal colar on crown at trunk
-122.300369,37.803240,Afghan pine,2019-03-29 11:00:00,WB,yes,yes,yes,yes,yes,yes,
-122.300361,37.803254,primrose tree,2019-03-29 11:00:00,WB,yes,yes,yes,yes,yes,yes,Metal colar on crown at trunk
-122.300326,37.803250,cajeput tree,2019-03-29 11:00:00,WB,yes,yes,yes,yes,yes,yes,Leader is braced by strap
-122.300091,37.803119,Catalina ironwood,2019-03-29 11:00:00,WB,yes,yes,yes,yes,yes,yes,
-122.300088,37.803092,Catalina ironwood,2019-03-29 11:00:00,WB,yes,yes,yes,yes,yes,yes,
-122.300055,37.803076,Catalina ironwood,2019-03-29 11:00:00,WB,yes,yes,yes,yes,yes,yes,
-122.300054,37.803099,Catalina ironwood,2019-03-29 11:00:00,WB,yes,yes,yes,yes,yes,yes,
-122.300020,37.803090,Catalina ironwood,2019-03-29 11:00:00,WB,yes,yes,yes,yes,yes,yes,
-122.299134,37.803264,London plane tree,2019-03-29 11:00:00,WB,yes,yes,yes,yes,yes,yes,
-122.299026,37.803243,London plane tree,2019-03-29 11:00:00,WB,yes,yes,yes,yes,yes,yes,
-122.298494,37.803110,London plane tree,2019-03-29 11:00:00,WB,yes,yes,yes,yes,yes,yes,"Loyess distressed. Might be swamped, might be the weather."
-122.285467,37.809099,Catalina ironwood,2019-04-25 11:00:00,WB,yes,yes,yes,yes,yes,yes,"Dead leader has been removed, probably needs additional trimming help"
-122.285456,37.809138,Catalina ironwood,2019-04-25 11:00:00,WB,yes,yes,yes,yes,yes,yes,
-122.285429,37.809115,Catalina ironwood,2019-04-25 11:00:00,WB,yes,fair,yes,yes,yes,yes,One stake is bryesen but rig is standing fine
-122.285394,37.809134,Catalina ironwood,2019-04-25 11:00:00,WB,yes,yes,yes,yes,yes,yes,
-122.285358,37.809107,Catalina ironwood,2019-04-25 11:00:00,WB,yes,yes,yes,yes,yes,yes,
-122.285139,37.809025,Princeton American elm,2019-04-25 11:00:00,WB,yes,no,no,yes,yes,yes,
-122.285082,37.809031,Princeton American elm,2019-04-25 11:00:00,WB,yes,no,no,yes,yes,yes,
-122.283352,37.808265,,2019-04-25 11:00:00,WB,yes,no,no,yes,yes,yes,"Trunk has large gash on bottom 1/3rd, needs loyesing at,  Removed brace and stakes"
-122.283310,37.808359,,2019-04-25 11:00:00,WB,yes,no,no,yes,yes,yes,"Tree is dead, trunk removed,  Removed brace and stakes"
-122.283286,37.808534,Afghan pine,2019-04-25 11:00:00,WB,yes,no,no,yes,yes,yes,
-122.283271,37.808656,Greenstone elm,2019-04-25 11:00:00,WB,yes,yes,yes,yes,yes,yes,
-122.283253,37.808563,Afghan pine,2019-04-25 11:00:00,WB,yes,yes,yes,yes,yes,yes,Stakes ready to be removed?
-122.283248,37.808324,Afghan pine,2019-04-25 11:00:00,WB,yes,yes,yes,yes,yes,yes,One stake is bryesen but rig is standing fine; Stakes ready to be removed?
-122.283231,37.808477,Canary Island pine,2019-04-25 11:00:00,WB,yes,yes,yes,yes,yes,yes,
-122.283212,37.808413,Canary Island pine,2019-04-25 11:00:00,WB,yes,yes,yes,yes,yes,yes,Stakes ready to be removed?
-122.283209,37.808517,Canary Island pine,2019-04-25 11:00:00,WB,yes,yes,yes,yes,yes,yes,
-122.283199,37.808451,Canary Island pine,2019-04-25 11:00:00,WB,yes,yes,yes,yes,yes,yes,
-122.283183,37.808489,Canary Island pine,2019-04-25 11:00:00,WB,yes,yes,yes,yes,yes,yes,Stakes ready to be removed?
-122.283129,37.808642,Afghan pine,2019-04-25 11:00:00,WB,yes,yes,yes,yes,yes,yes,
-122.283102,37.808715,tupelo,2019-04-25 11:00:00,WB,yes,yes,yes,yes,yes,yes,
-122.297273,37.812934,Brisbane box,2019-04-30 11:00:00,WB,yes,no,no,yes,yes,Yes, Removed brace and stakes
-122.294904,37.812552,October Glory red maple,2019-04-30 11:00:00,WB,yes,yes,yes,yes,yes,yes,
-122.293151,37.816746,Colonial Spirit American elm,2019-04-30 11:00:00,WB,yes,yes,yes,yes,yes,yes,
-122.293117,37.816788,Shumard red oak,2019-04-30 11:00:00,WB,yes,yes,yes,yes,yes,yes,Loyess poor compared to others
-122.293079,37.816836,Shumard red oak,2019-04-30 11:00:00,WB,yes,yes,yes,yes,yes,yes,
-122.289733,37.815019,red horsechestnut,2019-04-30 11:00:00,WB,yes,yes,yes,No,yes,yes,plantings
-122.288978,37.819227,valley oak,2019-04-30 11:00:00,WB,yes,yes,yes,yes,yes,yes,
-122.288550,37.818342,cork oak,2019-04-30 11:00:00,WB,yes,yes,yes,yes,yes,yes,replaced 6/08/18
-122.279657,37.801555,purple-flowering locust,2019-04-30 11:00:00,WB,yes,yes,yes,No,No,No,"Chickenwire around stakes, branches inside, needs mulch, weeds"
-122.279596,37.801529,purple-flowering locust,2019-04-30 11:00:00,WB,yes,yes,yes,No,No,No,"Chickenwire around stakes, branches inside, needs mulch weeds"
-122.279532,37.801504,purple-flowering locust,2019-04-30 11:00:00,WB,yes,yes,yes,No,No,No,"Chickenwire around stakes, branches, suckers inside, needs mulch, weeds"
-122.279414,37.801458,purple-flowering locust,2019-04-30 11:00:00,WB,yes,yes,yes,No,No,No,"Chickenwire around stakes, suckers at base, needs mulch, weeds"
-122.279346,37.801432,purple-flowering locust,2019-04-30 11:00:00,WB,yes,yes,yes,No,No,No,"Chickenwire around stakes, suckers at base, needs mulch, weeds"
-122.276226,37.806211,London plane tree,2019-04-30 11:00:00,WB,yes,No,yes,yes,yes,yes,Bamboo extension on wood brace needs attention
-122.242127,37.789876,Princeton American elm,2019-06-20 11:00:00,WB,yes,yes,yes,yes,yes,yes,
-122.242040,37.789826,Princeton American elm,2019-06-20 11:00:00,WB,yes,No,No,yes,yes,yes, Removed brace and stakes
-122.241938,37.789765,Princeton American elm,2019-06-20 11:00:00,WB,yes,yes,yes,yes,yes,yes,
-122.241829,37.789700,Princeton American elm,2019-06-20 11:00:00,WB,yes,yes,yes,yes,yes,yes,
-122.241718,37.789636,Princeton American elm,2019-06-20 11:00:00,WB,yes,yes,yes,yes,yes,yes,
-122.241393,37.789444,Princeton American elm,2019-06-20 11:00:00,WB,yes,yes,yes,yes,yes,yes,
-122.241289,37.789384,Princeton American elm,2019-06-20 11:00:00,WB,yes,yes,yes,yes,yes,yes,
-122.241180,37.789319,Princeton American elm,2019-06-20 11:00:00,WB,yes,yes,yes,yes,yes,yes,
-122.241064,37.789249,Princeton American elm,2019-06-20 11:00:00,WB,yes,yes,yes,yes,yes,yes,Metal post as second planting stake removed
-122.240950,37.789182,Princeton American elm,2019-06-20 11:00:00,WB,yes,yes,yes,yes,yes,yes,
-122.240820,37.789098,Princeton American elm,2019-06-20 11:00:00,WB,yes,yes,yes,yes,yes,yes, Remove brace and stakes
-122.240704,37.789028,Princeton American elm,2019-06-20 11:00:00,WB,yes,yes,yes,yes,yes,yes,
-122.240583,37.788960,Princeton American elm,2019-06-20 11:00:00,WB,yes,yes,yes,yes,yes,yes,
-122.240409,37.788998,Jefferson American elm,2019-06-20 11:00:00,WB,yes,no,no,yes,yes,yes, Remove brace and stakes
-122.240311,37.791163,Frontier elm,2019-06-20 11:00:00,WB,yes,yes,No,yes,yes,yes,"Leader is leaning slightly, needs bolt set"
-122.240207,37.789211,Jefferson American elm,2019-06-20 11:00:00,WB,yes,no,no,yes,yes,yes, Remove brace and stakes
-122.240151,37.791066,Frontier elm,2019-06-20 11:00:00,WB,yes,yes,yes,yes,yes,yes,
-122.239873,37.789562,Jefferson American elm,2019-06-20 11:00:00,WB,yes,no,no,yes,yes,yes, Remove brace and stakes
-122.239778,37.790846,Frontier elm,2019-06-20 11:00:00,WB,yes,no,no,yes,yes,yes, Remove brace and stakes
-122.239644,37.790764,Frontier elm,2019-06-20 11:00:00,WB,yes,no,no,yes,yes,yes, Remove brace and stakes
-122.239632,37.789822,Jefferson American elm,2019-06-20 11:00:00,WB,yes,no,no,yes,yes,yes, Remove brace and stakes
-122.239537,37.789921,Jefferson American elm,2019-06-20 11:00:00,WB,yes,no,no,yes,yes,yes, Remove brace and stakes
-122.239423,37.790038,Jefferson American elm,2019-06-20 11:00:00,WB,yes,no,no,yes,yes,yes, Remove brace and stakes
-122.239367,37.790599,Frontier elm,2019-06-20 11:00:00,WB,yes,no,no,yes,yes,yes, Remove brace and stakes
-122.239279,37.790190,Jefferson American elm,2019-06-20 11:00:00,WB,yes,no,no,yes,yes,yes, Remove brace and stakes
-122.239209,37.790502,Frontier elm,2019-06-20 11:00:00,WB,yes,no,no,yes,yes,yes,All trees in San Antiono Park are wrapped in chicken wire
-122.239202,37.790270,Jefferson American elm,2019-06-20 11:00:00,WB,yes,no,no,yes,yes,yes, Remove brace and stakes
-122.267484,37.797879,sawleaf zelkova,2019-06-24 11:00:00,WB,yes,yes,yes,yes,yes,yes,
-122.267384,37.797840,sawleaf zelkova,2019-06-24 11:00:00,WB,yes,yes,yes,yes,yes,yes,
-122.267290,37.797806,sawleaf zelkova,2019-06-24 11:00:00,WB,yes,yes,yes,yes,yes,yes,
-122.267199,37.797772,sawleaf zelkova,2019-06-24 11:00:00,WB,yes,yes,yes,yes,yes,yes,
-122.267119,37.798296,sawleaf zelkova,2019-06-24 11:00:00,WB,yes,yes,yes,yes,yes,yes,
-122.267112,37.797740,sawleaf zelkova,2019-06-24 11:00:00,WB,yes,yes,yes,yes,yes,yes,
-122.267027,37.798260,sawleaf zelkova,2019-06-24 11:00:00,WB,yes,yes,yes,yes,yes,yes,
-122.267023,37.797701,sawleaf zelkova,2019-06-24 11:00:00,WB,yes,yes,yes,yes,yes,yes,top splinted 9/16/18
-122.266947,37.798227,sawleaf zelkova,2019-06-24 11:00:00,WB,yes,yes,yes,yes,yes,yes,
-122.266928,37.797665,sawleaf zelkova,2019-06-24 11:00:00,WB,yes,yes,yes,yes,yes,yes,
-122.266857,37.798195,sawleaf zelkova,2019-06-24 11:00:00,WB,yes,yes,yes,yes,yes,yes,
-122.266842,37.797631,sawleaf zelkova,2019-06-24 11:00:00,WB,yes,yes,yes,yes,yes,yes,
-122.266767,37.798161,sawleaf zelkova,2019-06-24 11:00:00,WB,yes,yes,yes,yes,yes,yes,
-122.266690,37.798130,sawleaf zelkova,2019-06-24 11:00:00,WB,yes,yes,yes,yes,yes,yes,
-122.266687,37.797874,Chinese pistache,2019-06-24 11:00:00,WB,yes,yes,yes,yes,yes,yes,edges burnt
-122.266673,37.797686,American elm,2019-06-24 11:00:00,WB,yes,yes,yes,yes,yes,yes,trees along madison have edges of leaves burnt
-122.266640,37.797951,Chinese pistache,2019-06-24 11:00:00,WB,yes,yes,yes,yes,yes,yes,"canopy empty of leaves, may have too much water 6/24 WB"
-122.266603,37.798096,sawleaf zelkova,2019-06-24 11:00:00,WB,yes,yes,yes,yes,yes,yes,
-122.266603,37.797804,American elm,2019-06-24 11:00:00,WB,yes,yes,yes,yes,yes,yes,trees along madison have edges of leaves burnt
-122.266538,37.797922,American elm,2019-06-24 11:00:00,WB,yes,yes,yes,yes,yes,yes,trees along madison have edges of leaves burnt
-122.266478,37.798023,American elm,2019-06-24 11:00:00,WB,yes,yes,yes,yes,yes,yes,"heavy scar on trunk, needs weedwacker guard 6/24 WB"
-122.193413,37.762547,silver linden,2019-07-02 11:00:00,WB,yes,yes,yes,yes,yes,yes,
-122.193366,37.762576,silver linden,2019-07-02 11:00:00,WB,yes,yes,yes,yes,yes,yes,
-122.193251,37.762652,silver linden,2019-07-02 11:00:00,WB,yes,yes,yes,yes,yes,yes,
-122.192656,37.759214,Brisbane box,2019-07-02 11:00:00,WB,yes,yes,yes,yes,yes,yes,
-122.192606,37.759249,Brisbane box,2019-07-02 11:00:00,WB,yes,yes,yes,yes,yes,yes,
-122.192547,37.759285,Brisbane box,2019-07-02 11:00:00,WB,yes,yes,yes,yes,yes,yes,
-122.192439,37.759356,Brisbane box,2019-07-02 11:00:00,WB,yes,yes,yes,yes,yes,yes,
-122.192385,37.759390,Brisbane box,2019-07-02 11:00:00,WB,yes,yes,yes,yes,yes,yes,
-122.192311,37.759439,Brisbane box,2019-07-02 11:00:00,WB,yes,yes,yes,yes,yes,yes,
-122.192242,37.759481,Brisbane box,2019-07-02 11:00:00,WB,yes,yes,yes,yes,yes,yes,
-122.192043,37.759611,London plane tree,2019-07-02 11:00:00,WB,yes,yes,no,yes,yes,yes,
-122.191979,37.759652,London plane tree,2019-07-02 11:00:00,WB,yes,yes,yes,yes,yes,yes,"removed stakes, braces"
-122.191901,37.759701,London plane tree,2019-07-02 11:00:00,WB,yes,yes,yes,yes,yes,yes,"removed stakes, braces"
-122.191830,37.759746,London plane tree,2019-07-02 11:00:00,WB,yes,yes,yes,yes,yes,yes,"removed stakes, braces"
-122.191769,37.759786,London plane tree,2019-07-02 11:00:00,WB,yes,yes,yes,yes,yes,yes,"removed stakes, braces"
-122.191706,37.759824,London plane tree,2019-07-02 11:00:00,WB,yes,yes,yes,yes,yes,yes,"removed stakes, braces"
-122.191590,37.759901,London plane tree,2019-07-02 11:00:00,WB,yes,yes,yes,yes,yes,yes,"removed stakes, braces"
-122.191527,37.759940,London plane tree,2019-07-02 11:00:00,WB,yes,yes,yes,yes,yes,yes,
-122.191459,37.759986,London plane tree,2019-07-02 11:00:00,WB,yes,yes,yes,yes,yes,yes,
-122.191321,37.760072,London plane tree,2019-07-02 11:00:00,WB,yes,yes,yes,yes,yes,yes,
-122.190959,37.760307,London plane tree,2019-07-02 11:00:00,WB,yes,yes,yes,yes,yes,yes,
-122.186868,37.767144,American elm,2019-07-02 11:00:00,WB,yes,yes,yes,yes,yes,yes,
-122.186789,37.767195,red maple,2019-07-02 11:00:00,WB,yes,yes,yes,yes,yes,yes,
-122.279536,37.801849,tupelo,2019-07-03 11:00:00,WB,no,yes,yes,no,no,no,"Dead on 7/3/19. Trunk removed, stakes retained"
-122.279462,37.801855,tupelo,2019-07-03 11:00:00,WB,yes,yes,yes,yes,yes,yes,"Not loyesing well, needs water?"
-122.279296,37.801871,tupelo,2019-07-03 11:00:00,WB,yes,yes,yes,yes,yes,yes,
-122.279227,37.801883,tupelo,2019-07-03 11:00:00,WB,yes,yes,yes,yes,yes,yes,
-122.279083,37.802061,October Glory red maple,2019-07-03 11:00:00,WB,yes,yes,yes,yes,yes,yes,
-122.278996,37.802075,October Glory red maple,2019-07-03 11:00:00,WB,yes,yes,yes,yes,yes,yes,
-122.278913,37.802089,October Glory red maple,2019-07-03 11:00:00,WB,yes,yes,yes,yes,yes,yes,
-122.275393,37.814387,silver linden,2019-07-03 11:00:00,WB,yes,yes,yes,no,no,yes,"planting stake removed 3/28, planting/trash, planting"
-122.275333,37.814478,silver linden,2019-07-03 11:00:00,WB,yes,yes,yes,no,no,yes,"planting stake removed 3/28, planting/trash, planting"
-122.275283,37.814565,silver linden,2019-07-03 11:00:00,WB,yes,yes,yes,no,no,yes,"Planting stake removed 3/28, Various injuries to limbs and trunk, planting/trash, planting"
-122.275233,37.814632,silver linden,2019-07-03 11:00:00,WB,yes,yes,yes,no,no,yes,"planting stake removed 2/21, planting/trash, planting"
-122.275191,37.814707,silver linden,2019-07-03 11:00:00,WB,yes,yes,yes,no,no,yes,"planting stake removed 3/28, planting/trash, planting"
-122.275179,37.814388,silver linden,2019-07-03 11:00:00,WB,yes,yes,yes,yes,yes,yes,
-122.187341,37.762142,Australian willow,2019-07-08 11:00:00,WB,yes,yes,yes,yes,yes,yes,
-122.191926,37.761237,deodar cedar,2019-07-10 11:00:00,WB,Yes,no,no,yes,yes,yes,
-122.191888,37.761183,coast live oak,2019-07-10 11:00:00,WB,Yes,no,no,yes,yes,yes,
-122.191855,37.761150,coast live oak,2019-07-10 11:00:00,WB,Yes,no,no,yes,yes,yes,
-122.191843,37.761179,coast live oak,2019-07-10 11:00:00,WB,Yes,no,no,yes,yes,yes,
-122.191802,37.761119,coast live oak,2019-07-10 11:00:00,WB,Yes,no,no,yes,yes,yes,
-122.191766,37.761179,hybrid madrone,2019-07-10 11:00:00,WB,Yes,Yes,Yes,yes,yes,yes,
-122.191758,37.761059,coast live oak,2019-07-10 11:00:00,WB,Yes,no,no,yes,yes,yes,
-122.191721,37.761021,coast live oak,2019-07-10 11:00:00,WB,Yes,no,no,yes,yes,yes,
-122.191699,37.761057,coast live oak,2019-07-10 11:00:00,WB,Yes,no,no,yes,yes,yes,
-122.191695,37.761116,coast live oak,2019-07-10 11:00:00,WB,Yes,no,no,yes,yes,yes,
-122.191686,37.760971,deodar cedar,2019-07-10 11:00:00,WB,Yes,Yes,Yes,yes,yes,yes,
-122.191644,37.761049,coast live oak,2019-07-10 11:00:00,WB,Yes,no,no,yes,yes,yes,
-122.191632,37.760922,incense cedar,2019-07-10 11:00:00,WB,Yes,yes,yes,yes,yes,yes,
-122.191628,37.760893,incense cedar,2019-07-10 11:00:00,WB,Yes,yes,yes,yes,yes,yes,
-122.191616,37.761082,hybrid madrone,2019-07-10 11:00:00,WB,Yes,Yes,Yes,yes,yes,yes,
-122.191615,37.761006,coast live oak,2019-07-10 11:00:00,WB,Yes,no,no,yes,yes,yes,
-122.191568,37.761016,European hornbeam,2019-07-10 11:00:00,WB,Yes,yes,yes,yes,yes,yes,
-122.191563,37.760988,European hornbeam,2019-07-10 11:00:00,WB,Yes,yes,yes,yes,yes,yes,
-122.191527,37.761041,European hornbeam,2019-07-10 11:00:00,WB,Yes,yes,yes,yes,yes,yes,
-122.191490,37.761033,European hornbeam,2019-07-10 11:00:00,WB,Yes,yes,yes,yes,yes,yes,
-122.191391,37.761008,coast live oak,2019-07-10 11:00:00,WB,Yes,no,no,yes,yes,yes,
-122.191359,37.761032,hybrid madrone,2019-07-10 11:00:00,WB,Yes,Yes,Yes,yes,yes,yes,
-122.191336,37.760994,hybrid madrone,2019-07-10 11:00:00,WB,Yes,Yes,Yes,yes,yes,yes,
-122.191325,37.760953,coast live oak,2019-07-10 11:00:00,WB,Yes,no,no,yes,yes,yes,
-122.191230,37.760925,coast live oak,2019-07-10 11:00:00,WB,Yes,no,no,yes,yes,yes,
-122.191204,37.760964,hybrid madrone,2019-07-10 11:00:00,WB,Yes,Yes,Yes,yes,yes,yes,
-122.191177,37.760934,coast live oak,2019-07-10 11:00:00,WB,Yes,no,no,yes,yes,yes,
-122.191147,37.760893,coast live oak,2019-07-10 11:00:00,WB,Yes,Yes,Yes,yes,yes,yes,
-122.191124,37.760925,hybrid madrone,2019-07-10 11:00:00,WB,Yes,yes,yes,yes,yes,yes,
-122.191056,37.760882,coast live oak,2019-07-10 11:00:00,WB,Yes,yes,yes,yes,yes,yes,1 loose brace
-122.190981,37.760836,coast live oak,2019-07-10 11:00:00,WB,Yes,yes,yes,yes,yes,yes,1 brace
-122.190909,37.760812,deodar cedar,2019-07-10 11:00:00,WB,Yes,no,no,yes,yes,yes,
-122.202442,37.762622,red maple,2019-07-15 11:00:00,WB,yes,yes,yes,yes,yes,yes,
-122.202381,37.762563,black maple,2019-07-15 11:00:00,WB,yes,yes,yes,yes,yes,yes,
-122.202323,37.762513,red maple,2019-07-15 11:00:00,WB,yes,yes,yes,yes,yes,yes,
-122.202282,37.762477,black maple,2019-07-15 11:00:00,WB,yes,yes,yes,yes,yes,yes,
-122.202238,37.762437,red maple,2019-07-15 11:00:00,WB,yes,yes,yes,yes,yes,yes,
-122.202123,37.762443,red maple,2019-07-15 11:00:00,WB,yes,yes,yes,yes,yes,yes,
-122.196301,37.766977,New Zealand Christmas tree,2019-07-15 11:00:00,WB,yes,yes,yes,no,no,yes,Planting stake still attached. May need some selective pruning to remove stake and brace which should be soon.
-122.191874,37.767265,Kentucky coffee tree,2019-07-15 11:00:00,WB,yes,yes,yes,no,no,yes,"Plants, owners mulched"
-122.190396,37.766518,ginkgo,2019-07-15 11:00:00,WB,yes,yes,yes,no,no,yes,"Planting stake still attached, plants"
-122.190349,37.766546,ginkgo,2019-07-15 11:00:00,WB,yes,yes,yes,no,no,yes,"Planting stake still attached, plants"
-122.189950,37.770430,Sensation boxelder,2019-07-15 11:00:00,WB,yes,yes,yes,yes,yes,yes,
-122.189022,37.763706,tupelo,2019-07-15 11:00:00,WB,yes,yes,yes,yes,yes,No,scraggly
-122.188109,37.764347,Autumn Blaze maple,2019-07-15 11:00:00,WB,yes,yes,yes,no,no,yes,"Plants, owners mulched"
-122.185965,37.765730,Frontier elm,2019-07-15 11:00:00,WB,yes,no,no,no,no,No,"Needs stake and brace removed, major pruning beyond my pay grade. NEEDS MAKEOVER"
-122.185025,37.765614,hybrid madrone,2019-07-15 11:00:00,WB,yes,no,no,no,yes,yes,
-122.184961,37.765487,hybrid madrone,2019-07-15 11:00:00,WB,fair,yes,yes,yes,yes,Yes,
-122.184259,37.767587,American Elm,2019-07-15 11:00:00,WB,fair,yes,yes,yes,yes,yes,
-122.184219,37.767549,Autumn Blaze Red Maple,2019-07-15 11:00:00,WB,fair,yes,yes,yes,yes,yes,
-122.184169,37.767498,American Elm,2019-07-15 11:00:00,WB,fair,yes,yes,yes,yes,yes,
-122.184110,37.767442,Autumn Blaze Red Maple,2019-07-15 11:00:00,WB,fair,yes,yes,yes,yes,yes,
-122.184101,37.767516,Southern magnolia,2019-07-15 11:00:00,WB,fair,yes,yes,yes,yes,yes,
-122.184077,37.767409,red maple,2019-07-15 11:00:00,WB,yes,yes,yes,yes,yes,yes,
-122.184007,37.767340,European hornbeam,2019-07-15 11:00:00,WB,yes,yes,yes,yes,yes,yes,
-122.183980,37.767309,red maple,2019-07-15 11:00:00,WB,yes,yes,yes,yes,yes,yes,monitor the dieback (as of June 2017)
-122.202184,37.762457,incense cedar,2019-07-15 11:00:00,WB,yes,no,no,no,No,no,"scraggly, weeds"
-122.196532,37.779369,Green Gable tupelo,2019-07-29 11:00:00,WB,yes,no,no,yes,yes,yes,
-122.196525,37.779427,Australian willow,2019-07-29 11:00:00,WB,yes,no,no,lawn,lawn,yes,
-122.196467,37.779343,hybrid madrone,2019-07-29 11:00:00,WB,yes,yes,yes,yes,yes,yes,
-122.196419,37.779321,silver linden,2019-07-29 11:00:00,WB,yes,yes,yes,yes,yes,yes,
-122.196357,37.779292,Saratoga laurel,2019-07-29 11:00:00,WB,yes,yes,yes,yes,yes,yes,
-122.185144,37.756457,silver linden,2019-07-29 11:00:00,WB,yes,yes,Yes,yes,yes,yes,Heat-stressed; needs water
-122.185044,37.756521,silver linden,2019-07-29 11:00:00,WB,yes,yes,Yes,yes,yes,yes,Heat-stressed; needs water
-122.184935,37.756590,silver linden,2019-07-29 11:00:00,WB,yes,yes,Yes,yes,yes,yes,Needs water
-122.184813,37.756668,silver linden,2019-07-29 11:00:00,WB,yes,yes,Yes,yes,yes,yes,
-122.184714,37.756732,silver linden,2019-07-29 11:00:00,WB,yes,yes,Yes,yes,yes,yes,Needs water
-122.179620,37.747624,silver linden,2019-07-29 11:00:00,WB,Yes,Yes,Yes,yes,yes,yes,
-122.179452,37.747634,silver linden,2019-07-29 11:00:00,WB,Yes,Yes,Yes,yes,yes,yes,
-122.179371,37.747671,silver linden,2019-07-29 11:00:00,WB,Yes,Yes,Yes,yes,yes,yes,
-122.178118,37.760681,box elder,2019-07-29 11:00:00,WB,yes,yes,yes,yes,yes,yes,
-122.176014,37.753179,American elm,2019-07-29 11:00:00,WB,yes,no,no,no,no,no,"Tree is being loyesed after, did not want to prune against wishes, lava rocks"
-122.173863,37.757413,American elm,2019-07-29 11:00:00,WB,yes,yes,Yes,yes,yes,yes,"Heavy wounding on trunk, could use water."
-122.169877,37.750465,Southern magnolia,2019-07-29 11:00:00,WB,yes,Yes,Yes,no,no,yes,"Planting strip landscaped, did not want to disturb"
-122.169001,37.749938,purple-flowering locust,2019-07-29 11:00:00,WB,Yes,no,no,no,no,yes,Removed suckers. rocks
-122.168115,37.754379,tupelo,2019-07-29 11:00:00,WB,No,Yes,Yes,No,No,No,"DEAD 7/29/19, Weeds"
-122.168050,37.754409,tupelo,2019-07-29 11:00:00,WB,yes,Yes,Yes,yes,yes,yes,"Heavy wounding on trunk, could use water."
-122.160432,37.744143,Chinese flame tree,2019-07-29 11:00:00,WB,Yes,Yes,Yes,yes,yes,yes,removed planting stake
-122.160415,37.744096,Chinese flame tree,2019-07-29 11:00:00,WB,Yes,Yes,Yes,yes,yes,yes,removed planting stake
-122.160385,37.744026,Chinese flame tree,2019-07-29 11:00:00,WB,Yes,no,no,yes,yes,yes,remove planting stake
-122.190189,37.763579,London plane tree,2019-07-30 11:00:00,WB,yes,yes,yes,yes,yes,yes,
-122.190151,37.763544,October Glory red maple,2019-07-30 11:00:00,WB,yes,yes,yes,yes,yes,yes,
-122.190100,37.763492,American elm,2019-07-30 11:00:00,WB,yes,yes,yes,yes,yes,yes,
-122.190053,37.763446,Red Rage tupelo,2019-07-30 11:00:00,WB,yes,yes,yes,yes,yes,yes,
-122.174665,37.738759,river birch,2019-07-30 11:00:00,WB,Yes,Yes,Yes,yes,yes,yes,
-122.174634,37.738730,river birch,2019-07-30 11:00:00,WB,Yes,Yes,Yes,yes,yes,yes,
-122.174592,37.738685,cajeput tree,2019-07-30 11:00:00,WB,Yes,Yes,Yes,yes,yes,yes,
-122.174550,37.738642,cajeput tree,2019-07-30 11:00:00,WB,Yes,Yes,Yes,yes,yes,yes,
-122.174508,37.738594,river birch,2019-07-30 11:00:00,WB,Yes,Yes,Yes,yes,yes,yes,
-122.174467,37.738546,cajeput tree,2019-07-30 11:00:00,WB,Yes,Yes,Yes,yes,yes,yes,
-122.174423,37.738500,cajeput tree,2019-07-30 11:00:00,WB,Yes,Yes,Yes,yes,yes,yes,
-122.174380,37.738455,river birch,2019-07-30 11:00:00,WB,Yes,Yes,Yes,yes,yes,yes,
-122.174338,37.738409,cajeput tree,2019-07-30 11:00:00,WB,Yes,Yes,Yes,yes,yes,yes,
-122.174297,37.738363,cajeput tree,2019-07-30 11:00:00,WB,Yes,Yes,Yes,yes,yes,yes,
-122.174251,37.738312,river birch,2019-07-30 11:00:00,WB,Yes,Yes,Yes,yes,yes,yes,
-122.174220,37.738279,cajeput tree,2019-07-30 11:00:00,WB,Yes,Yes,Yes,yes,yes,yes,"In shade of fence, doing well"
-122.174179,37.738235,cajeput tree,2019-07-30 11:00:00,WB,Yes,Yes,Yes,yes,yes,yes,Exposed to round-up overspray
-122.174146,37.738191,river birch,2019-07-30 11:00:00,WB,Yes,Yes,Yes,yes,yes,yes,Exposed to round-up overspray
-122.174126,37.738164,river birch,2019-07-30 11:00:00,WB,Yes,Yes,Yes,yes,yes,yes,Exposed to round-up overspray
-122.248096,37.796464,Saratoga laurel,2019-08-19 11:00:00,WB,yes,yes,yes,yes,yes,yes,
-122.248065,37.796446,hybrid madrone,2019-08-19 11:00:00,WB,yes,yes,yes,yes,yes,yes,
-122.247208,37.791438,silver linden,2019-08-19 11:00:00,WB,yes,yes,yes,No,No,yes,lava rocks
-122.243021,37.795118,Shumard red oak,2019-08-19 11:00:00,WB,yes,yes,No,yes,yes,yes,"Pruned strangely when young, removed brace"
-122.240690,37.791565,Chinese flame tree,2019-08-19 11:00:00,WB,yes,yes,yes,yes,Yes,Yes,"Lower limbs yes, loyesing top heavy, may need more significant pruning, black mulch"
-122.230008,37.797113,Chinese pistache,2019-08-19 11:00:00,WB,yes,yes,yes,yes,yes,yes,
-122.227996,37.793232,Select tupelo,2019-08-19 11:00:00,WB,yes,yes,yes,yes,yes,yes,
-122.224932,37.805718,red maple,2019-08-19 11:00:00,WB,yes,yes,yes,yes,yes,yes,
-122.224905,37.805814,red maple,2019-08-19 11:00:00,WB,yes,yes,yes,yes,yes,yes,
-122.223274,37.803890,Jefferson American elm,2019-08-19 11:00:00,WB,yes,yes,yes,yes,yes,yes,
-122.223246,37.803966,black maple,2019-08-19 11:00:00,WB,yes,yes,yes,yes,yes,yes,
-122.217970,37.787731,Autumn Blaze Red Maple,2019-08-19 11:00:00,WB,yes,yes,yes,yes,yes,yes,
-122.217716,37.805740,hybrid madrone,2019-08-19 11:00:00,WB,Yes,yes,yes,yes,yes,yes,y drip
-122.217568,37.799566,American elm,2019-08-19 11:00:00,WB,yes,yes,yes,no,yes,no,"Notes on tree from 8/8/18, could not locate on 8/19"
-122.217036,37.794753,hybrid madrone,2019-08-19 11:00:00,WB,yes,yes,yes,yes,yes,yes,
-122.216519,37.799240,,2019-08-19 11:00:00,WB,yes,yes,yes,yes,No,yes,Lava rocks
-122.216155,37.779768,Purple Robe locust,2019-08-19 11:00:00,WB,yes,yes,yes,yes,yes,yes,
-122.216102,37.779586,Australian willow,2019-08-19 11:00:00,WB,yes,yes,yes,yes,yes,yes,
-122.216097,37.779714,Purple Robe locust,2019-08-19 11:00:00,WB,yes,yes,yes,yes,yes,yes,
-122.216066,37.779616,Australian willow,2019-08-19 11:00:00,WB,yes,yes,yes,yes,yes,yes,
-122.215535,37.801720,silver linden,2019-08-19 11:00:00,WB,yes,yes,yes,yes,yes,yes,
-122.215292,37.800068,Red Rage tupelo,2019-08-19 11:00:00,WB,yes,yes,yes,yes,yes,yes,
-122.214529,37.790110,Ginkgo,2019-08-19 11:00:00,WB,yes,yes,yes,yes,yes,yes,
-122.214302,37.790011,Autumn Blaze Red Maple,2019-08-19 11:00:00,WB,yes,yes,yes,yes,yes,yes,
-122.213631,37.792210,Emerald Sunshine elm,2019-08-19 11:00:00,WB,yes,yes,yes,yes,No,yes,"owner notified me about spoted leaves. yes, but new growth as well. buckley doesn't sem alarmed 7/13/18. 8/20 tree loyess very bad. dying leaves"
-122.213120,37.800711,red maple,2019-08-19 11:00:00,WB,yes,yes,yes,yes,yes,yes,
-122.212279,37.792711,Chinese pistache,2019-08-19 11:00:00,WB,yes,yes,yes,yes,yes,yes,"bag weeds, mulch"
-122.212016,37.798470,red maple,2019-08-19 11:00:00,WB,No,yes,yes,yes,yes,yes,
-122.212001,37.798507,red maple,2019-08-19 11:00:00,WB,No,yes,yes,yes,yes,yes,
-122.209442,37.801908,hybrid madrone,2019-08-19 11:00:00,WB,yes,yes,yes,yes,yes,yes,